Date,Time,Bus_No,Round,latitude,longtitude
2016-04-01,13:43:01,11,12,13.73575,100.531947
2016-04-01,13:43:02,11,12,13.735718,100.531945
2016-04-01,13:43:03,11,12,13.735683,100.53194
2016-04-01,13:43:04,11,12,13.735647,100.531928
2016-04-01,13:43:05,11,12,13.735615,100.531918
2016-04-01,13:43:06,11,12,13.73558,100.531898
2016-04-01,13:43:07,11,12,13.735547,100.531887
2016-04-01,13:43:08,11,12,13.735512,100.531878
2016-04-01,13:43:09,11,12,13.735473,100.531875
2016-04-01,13:43:10,11,12,13.735443,100.531865
2016-04-01,13:43:11,11,12,13.735407,100.531858
2016-04-01,13:43:12,11,12,13.735375,100.531848
2016-04-01,13:43:13,11,12,13.735348,100.531842
2016-04-01,13:43:14,11,12,13.735308,100.531843
2016-04-01,13:43:15,11,12,13.73527,100.531843
2016-04-01,13:43:16,11,12,13.735237,100.53184
2016-04-01,13:43:17,11,12,13.735202,100.531843
2016-04-01,13:43:18,11,12,13.73517,100.531852
2016-04-01,13:43:19,11,12,13.735133,100.53186
2016-04-01,13:43:20,11,12,13.73511,100.53186
2016-04-01,13:43:21,11,12,13.735095,100.531853
2016-04-01,13:43:22,11,12,13.735088,100.531853
2016-04-01,13:43:23,11,12,13.735087,100.531853
2016-04-01,13:43:24,11,12,13.735087,100.531853
2016-04-01,13:43:25,11,12,13.735087,100.531853
2016-04-01,13:43:26,11,12,13.735087,100.531853
2016-04-01,13:43:27,11,12,13.735087,100.531853
2016-04-01,13:43:28,11,12,13.735087,100.531853
2016-04-01,13:43:29,11,12,13.735087,100.531853
2016-04-01,13:43:30,11,12,13.735087,100.531853
2016-04-01,13:43:31,11,12,13.735087,100.531853
2016-04-01,13:43:32,11,12,13.735087,100.531853
2016-04-01,13:43:33,11,12,13.735087,100.531853
2016-04-01,13:43:34,11,12,13.735087,100.531853
2016-04-01,13:43:35,11,12,13.735087,100.531853
2016-04-01,13:43:36,11,12,13.735087,100.531853
2016-04-01,13:43:37,11,12,13.735087,100.531853
2016-04-01,13:43:38,11,12,13.735087,100.531853
2016-04-01,13:43:39,11,12,13.735087,100.531853
2016-04-01,13:43:40,11,12,13.735087,100.531853
2016-04-01,13:43:41,11,12,13.735087,100.531853
2016-04-01,13:43:42,11,12,13.735087,100.531853
2016-04-01,13:43:43,11,12,13.735087,100.531853
2016-04-01,13:43:44,11,12,13.735087,100.531853
2016-04-01,13:43:45,11,12,13.735087,100.531853
2016-04-01,13:43:46,11,12,13.735087,100.531853
2016-04-01,13:43:47,11,12,13.735087,100.531853
2016-04-01,13:43:48,11,12,13.735087,100.531853
2016-04-01,13:43:49,11,12,13.735087,100.531853
2016-04-01,13:43:50,11,12,13.735087,100.531853
2016-04-01,13:43:51,11,12,13.735087,100.531853
2016-04-01,13:43:52,11,12,13.735087,100.531853
2016-04-01,13:43:53,11,12,13.735087,100.531853
2016-04-01,13:43:54,11,12,13.735087,100.531853
2016-04-01,13:43:55,11,12,13.735087,100.531853
2016-04-01,13:43:56,11,12,13.735087,100.531853
2016-04-01,13:43:57,11,12,13.735087,100.531853
2016-04-01,13:43:58,11,12,13.735087,100.531853
2016-04-01,13:43:59,11,12,13.735087,100.531853
2016-04-01,13:44:00,11,12,13.735087,100.531853
2016-04-01,13:44:01,11,12,13.735087,100.531853
2016-04-01,13:44:02,11,12,13.735087,100.531853
2016-04-01,13:44:03,11,12,13.735043,100.531832
2016-04-01,13:44:04,11,12,13.735043,100.53183
2016-04-01,13:44:05,11,12,13.735037,100.531828
2016-04-01,13:44:06,11,12,13.735025,100.531823
2016-04-01,13:44:07,11,12,13.735013,100.531815
2016-04-01,13:44:08,11,12,13.735,100.531805
2016-04-01,13:44:09,11,12,13.734988,100.531798
2016-04-01,13:44:10,11,12,13.73497,100.531793
2016-04-01,13:44:11,11,12,13.734952,100.531792
2016-04-01,13:44:12,11,12,13.734938,100.531788
2016-04-01,13:44:13,11,12,13.734918,100.531785
2016-04-01,13:44:14,11,12,13.734888,100.531778
2016-04-01,13:44:15,11,12,13.734862,100.531777
2016-04-01,13:44:16,11,12,13.734828,100.531782
2016-04-01,13:44:17,11,12,13.7348,100.531788
2016-04-01,13:44:18,11,12,13.73478,100.531783
2016-04-01,13:44:19,11,12,13.734765,100.531775
2016-04-01,13:44:20,11,12,13.734757,100.531763
2016-04-01,13:44:21,11,12,13.734745,100.531752
2016-04-01,13:44:22,11,12,13.73473,100.531742
2016-04-01,13:44:23,11,12,13.734715,100.531737
2016-04-01,13:44:24,11,12,13.734702,100.531737
2016-04-01,13:44:25,11,12,13.734685,100.53173
2016-04-01,13:44:26,11,12,13.73468,100.531727
2016-04-01,13:44:27,11,12,13.73468,100.531727
2016-04-01,13:44:28,11,12,13.73468,100.531727
2016-04-01,13:44:29,11,12,13.73468,100.531727
2016-04-01,13:44:30,11,12,13.73468,100.531727
2016-04-01,13:44:31,11,12,13.73468,100.531727
2016-04-01,13:44:32,11,12,13.73468,100.531727
2016-04-01,13:44:33,11,12,13.73468,100.531727
2016-04-01,13:44:34,11,12,13.73468,100.531727
2016-04-01,13:44:35,11,12,13.73468,100.531727
2016-04-01,13:44:36,11,12,13.73468,100.531727
2016-04-01,13:44:37,11,12,13.73468,100.531727
2016-04-01,13:44:38,11,12,13.73468,100.531727
2016-04-01,13:44:39,11,12,13.73468,100.531727
2016-04-01,13:44:40,11,12,13.73468,100.531727
2016-04-01,13:44:41,11,12,13.73468,100.531727
2016-04-01,13:44:42,11,12,13.73468,100.531727
2016-04-01,13:44:43,11,12,13.73468,100.531727
2016-04-01,13:44:44,11,12,13.73468,100.531727
2016-04-01,13:44:45,11,12,13.73468,100.531727
2016-04-01,13:44:46,11,12,13.73468,100.531727
2016-04-01,13:44:47,11,12,13.73468,100.531727
2016-04-01,13:44:48,11,12,13.73468,100.531727
2016-04-01,13:44:49,11,12,13.73468,100.531727
2016-04-01,13:44:50,11,12,13.73468,100.531727
2016-04-01,13:44:51,11,12,13.73468,100.531727
2016-04-01,13:44:52,11,12,13.73468,100.531727
2016-04-01,13:44:53,11,12,13.73468,100.531727
2016-04-01,13:44:54,11,12,13.73468,100.531727
2016-04-01,13:44:55,11,12,13.73468,100.531727
2016-04-01,13:44:56,11,12,13.73468,100.531727
2016-04-01,13:44:57,11,12,13.73468,100.531727
2016-04-01,13:44:58,11,12,13.73468,100.531727
2016-04-01,13:44:59,11,12,13.73468,100.531727
2016-04-01,13:45:00,11,12,13.73468,100.531727
2016-04-01,13:45:01,11,12,13.73468,100.531727
2016-04-01,13:45:02,11,12,13.73468,100.531727
2016-04-01,13:45:03,11,12,13.73468,100.531727
2016-04-01,13:45:04,11,12,13.73468,100.531727
2016-04-01,13:45:05,11,12,13.73468,100.531727
2016-04-01,13:45:06,11,12,13.73468,100.531727
2016-04-01,13:45:07,11,12,13.73468,100.531727
2016-04-01,13:45:08,11,12,13.73468,100.531727
2016-04-01,13:45:09,11,12,13.73468,100.531727
2016-04-01,13:45:10,11,12,13.73468,100.531727
2016-04-01,13:45:11,11,12,13.73468,100.531727
2016-04-01,13:45:12,11,12,13.73468,100.531727
2016-04-01,13:45:13,11,12,13.73468,100.531727
2016-04-01,13:45:14,11,12,13.73468,100.531727
2016-04-01,13:45:15,11,12,13.73468,100.531727
2016-04-01,13:45:16,11,12,13.73468,100.531727
2016-04-01,13:45:17,11,12,13.73468,100.531727
2016-04-01,13:45:18,11,12,13.73468,100.531727
2016-04-01,13:45:19,11,12,13.73468,100.531727
2016-04-01,13:45:20,11,12,13.73468,100.531727
2016-04-01,13:45:21,11,12,13.73468,100.531727
2016-04-01,13:45:22,11,12,13.73468,100.531727
2016-04-01,13:45:23,11,12,13.73468,100.531727
2016-04-01,13:45:24,11,12,13.73468,100.531727
2016-04-01,13:45:25,11,12,13.73468,100.531727
2016-04-01,13:45:26,11,12,13.73468,100.531727
2016-04-01,13:45:27,11,12,13.73468,100.531727
2016-04-01,13:45:28,11,12,13.73468,100.531727
2016-04-01,13:45:29,11,12,13.73468,100.531727
2016-04-01,13:45:30,11,12,13.73468,100.531727
2016-04-01,13:45:31,11,12,13.73468,100.531727
2016-04-01,13:45:32,11,12,13.73468,100.531727
2016-04-01,13:45:33,11,12,13.73468,100.531727
2016-04-01,13:45:34,11,12,13.73468,100.531727
2016-04-01,13:45:35,11,12,13.73468,100.531727
2016-04-01,13:45:36,11,12,13.73468,100.531727
2016-04-01,13:45:37,11,12,13.73468,100.531727
2016-04-01,13:45:38,11,12,13.73468,100.531727
2016-04-01,13:45:39,11,12,13.73468,100.531727
2016-04-01,13:45:40,11,12,13.73468,100.531727
2016-04-01,13:45:41,11,12,13.73468,100.531727
2016-04-01,13:45:42,11,12,13.73468,100.531727
2016-04-01,13:45:43,11,12,13.73468,100.531727
2016-04-01,13:45:44,11,12,13.73468,100.531727
2016-04-01,13:45:45,11,12,13.73468,100.531727
2016-04-01,13:45:46,11,12,13.73468,100.531727
2016-04-01,13:45:47,11,12,13.73468,100.531727
2016-04-01,13:45:48,11,12,13.73468,100.531727
2016-04-01,13:45:49,11,12,13.73468,100.531727
2016-04-01,13:45:50,11,12,13.73468,100.531727
2016-04-01,13:45:51,11,12,13.73468,100.531727
2016-04-01,13:45:52,11,12,13.73468,100.531727
2016-04-01,13:45:53,11,12,13.73468,100.531727
2016-04-01,13:45:54,11,12,13.73468,100.531727
2016-04-01,13:45:55,11,12,13.73468,100.531727
2016-04-01,13:45:56,11,12,13.73468,100.531727
2016-04-01,13:45:57,11,12,13.73468,100.531727
2016-04-01,13:45:58,11,12,13.73468,100.531727
2016-04-01,13:45:59,11,12,13.73468,100.531727
2016-04-01,13:46:00,11,12,13.73468,100.531727
2016-04-01,13:46:01,11,12,13.73468,100.531727
2016-04-01,13:46:02,11,12,13.73468,100.531727
2016-04-01,13:46:03,11,12,13.73468,100.531727
2016-04-01,13:46:04,11,12,13.73468,100.531727
2016-04-01,13:46:05,11,12,13.73468,100.531727
2016-04-01,13:46:06,11,12,13.73468,100.531727
2016-04-01,13:46:07,11,12,13.73468,100.531727
2016-04-01,13:46:08,11,12,13.73468,100.531727
2016-04-01,13:46:09,11,12,13.73468,100.531727
2016-04-01,13:46:10,11,12,13.73468,100.531727
2016-04-01,13:46:11,11,12,13.73468,100.531727
2016-04-01,13:46:12,11,12,13.73468,100.531727
2016-04-01,13:46:13,11,12,13.73468,100.531727
2016-04-01,13:46:14,11,12,13.73468,100.531727
2016-04-01,13:46:15,11,12,13.73468,100.531727
2016-04-01,13:46:16,11,12,13.73468,100.531727
2016-04-01,13:46:17,11,12,13.73468,100.531727
2016-04-01,13:46:18,11,12,13.73468,100.531727
2016-04-01,13:46:19,11,12,13.73468,100.531727
2016-04-01,13:46:20,11,12,13.73468,100.531727
2016-04-01,13:46:21,11,12,13.73468,100.531727
2016-04-01,13:46:22,11,12,13.73468,100.531727
2016-04-01,13:46:23,11,12,13.73468,100.531727
2016-04-01,13:46:24,11,12,13.73468,100.531727
2016-04-01,13:46:25,11,12,13.73468,100.531727
2016-04-01,13:46:26,11,12,13.73468,100.531727
2016-04-01,13:46:27,11,12,13.73468,100.531727
2016-04-01,13:46:28,11,12,13.73468,100.531727
2016-04-01,13:46:29,11,12,13.73468,100.531727
2016-04-01,13:46:30,11,12,13.73468,100.531727
2016-04-01,13:46:31,11,12,13.73468,100.531727
2016-04-01,13:46:32,11,12,13.73468,100.531727
2016-04-01,13:46:33,11,12,13.73468,100.531727
2016-04-01,13:46:34,11,12,13.73468,100.531727
2016-04-01,13:46:35,11,12,13.73468,100.531727
2016-04-01,13:46:36,11,12,13.73468,100.531727
2016-04-01,13:46:37,11,12,13.73468,100.531727
2016-04-01,13:46:38,11,12,13.73468,100.531727
2016-04-01,13:46:39,11,12,13.73468,100.531727
2016-04-01,13:46:40,11,12,13.73468,100.531727
2016-04-01,13:46:41,11,12,13.73468,100.531727
2016-04-01,13:46:42,11,12,13.73468,100.531727
2016-04-01,13:46:43,11,12,13.73468,100.531727
2016-04-01,13:46:44,11,12,13.73468,100.531727
2016-04-01,13:46:45,11,12,13.73468,100.531727
2016-04-01,13:46:46,11,12,13.73468,100.531727
2016-04-01,13:46:47,11,12,13.73468,100.531727
2016-04-01,13:46:48,11,12,13.73468,100.531727
2016-04-01,13:46:49,11,12,13.73468,100.531727
2016-04-01,13:46:50,11,12,13.73468,100.531727
2016-04-01,13:46:51,11,12,13.73468,100.531727
2016-04-01,13:46:52,11,12,13.73468,100.531727
2016-04-01,13:46:53,11,12,13.73468,100.531727
2016-04-01,13:46:54,11,12,13.73468,100.531727
2016-04-01,13:46:55,11,12,13.73468,100.531727
2016-04-01,13:46:56,11,12,13.73468,100.531727
2016-04-01,13:46:57,11,12,13.73468,100.531727
2016-04-01,13:46:58,11,12,13.73468,100.531727
2016-04-01,13:46:59,11,12,13.73468,100.531727
2016-04-01,13:47:00,11,12,13.73468,100.531727
2016-04-01,13:47:01,11,12,13.73468,100.531727
2016-04-01,13:47:02,11,12,13.73468,100.531727
2016-04-01,13:47:03,11,12,13.73468,100.531727
2016-04-01,13:47:04,11,12,13.73468,100.531727
2016-04-01,13:47:05,11,12,13.73468,100.531727
2016-04-01,13:47:06,11,12,13.73468,100.531727
2016-04-01,13:47:07,11,12,13.73468,100.531727
2016-04-01,13:47:08,11,12,13.73468,100.531727
2016-04-01,13:47:09,11,12,13.73468,100.531727
2016-04-01,13:47:10,11,12,13.73468,100.531727
2016-04-01,13:47:11,11,12,13.73468,100.531727
2016-04-01,13:47:12,11,12,13.73468,100.531727
2016-04-01,13:47:13,11,12,13.73468,100.531727
2016-04-01,13:47:14,11,12,13.73468,100.531727
2016-04-01,13:47:15,11,12,13.73468,100.531727
2016-04-01,13:47:16,11,12,13.73468,100.531727
2016-04-01,13:47:17,11,12,13.73468,100.531727
2016-04-01,13:47:18,11,12,13.73468,100.531727
2016-04-01,13:47:19,11,12,13.73468,100.531727
2016-04-01,13:47:20,11,12,13.73468,100.531727
2016-04-01,13:47:21,11,12,13.73468,100.531727
2016-04-01,13:47:22,11,12,13.73468,100.531727
2016-04-01,13:47:23,11,12,13.73468,100.531727
2016-04-01,13:47:24,11,12,13.73468,100.531727
2016-04-01,13:47:25,11,12,13.73468,100.531727
2016-04-01,13:47:26,11,12,13.73468,100.531727
2016-04-01,13:47:27,11,12,13.73468,100.531727
2016-04-01,13:47:28,11,12,13.73468,100.531727
2016-04-01,13:47:29,11,12,13.73468,100.531727
2016-04-01,13:47:30,11,12,13.73468,100.531727
2016-04-01,13:47:31,11,12,13.73468,100.531727
2016-04-01,13:47:32,11,12,13.73468,100.531727
2016-04-01,13:47:33,11,12,13.73468,100.531727
2016-04-01,13:47:34,11,12,13.73468,100.531727
2016-04-01,13:47:35,11,12,13.73468,100.531727
2016-04-01,13:47:36,11,12,13.73468,100.531727
2016-04-01,13:47:37,11,12,13.73468,100.531727
2016-04-01,13:47:38,11,12,13.73468,100.531727
2016-04-01,13:47:39,11,12,13.73468,100.531727
2016-04-01,13:47:40,11,12,13.73468,100.531727
2016-04-01,13:47:41,11,12,13.73468,100.531727
2016-04-01,13:47:42,11,12,13.73468,100.531727
2016-04-01,13:47:43,11,12,13.73468,100.531727
2016-04-01,13:47:44,11,12,13.73468,100.531727
2016-04-01,13:47:45,11,12,13.73468,100.531727
2016-04-01,13:47:46,11,12,13.73468,100.531727
2016-04-01,13:47:47,11,12,13.73468,100.531727
2016-04-01,13:47:48,11,12,13.73468,100.531727
2016-04-01,13:47:49,11,12,13.73468,100.531727
2016-04-01,13:47:50,11,12,13.73468,100.531727
2016-04-01,13:47:51,11,12,13.73468,100.531727
2016-04-01,13:47:52,11,12,13.73468,100.531727
2016-04-01,13:47:53,11,12,13.73468,100.531727
2016-04-01,13:47:54,11,12,13.73468,100.531727
2016-04-01,13:47:55,11,12,13.73468,100.531727
2016-04-01,13:47:56,11,12,13.73468,100.531727
2016-04-01,13:47:57,11,12,13.73468,100.531727
2016-04-01,13:47:58,11,12,13.73468,100.531727
2016-04-01,13:47:59,11,12,13.73468,100.531727
2016-04-01,13:48:00,11,12,13.73468,100.531727
2016-04-01,13:48:01,11,12,13.73468,100.531727
2016-04-01,13:48:02,11,12,13.73468,100.531727
2016-04-01,13:48:03,11,12,13.73468,100.531727
2016-04-01,13:48:04,11,12,13.73468,100.531727
2016-04-01,13:48:05,11,12,13.73468,100.531727
2016-04-01,13:48:06,11,12,13.73468,100.531727
2016-04-01,13:48:07,11,12,13.73468,100.531727
2016-04-01,13:48:08,11,12,13.73468,100.531727
2016-04-01,13:48:09,11,12,13.73468,100.531727
2016-04-01,13:48:10,11,12,13.73468,100.531727
2016-04-01,13:48:11,11,12,13.73468,100.531727
2016-04-01,13:48:12,11,12,13.73468,100.531727
2016-04-01,13:48:13,11,12,13.73468,100.531727
2016-04-01,13:48:14,11,12,13.73468,100.531727
2016-04-01,13:48:15,11,12,13.73468,100.531727
2016-04-01,13:48:16,11,12,13.73468,100.531727
2016-04-01,13:48:17,11,12,13.73468,100.531727
2016-04-01,13:48:18,11,12,13.73468,100.531727
2016-04-01,13:48:19,11,12,13.73468,100.531727
2016-04-01,13:48:20,11,12,13.73468,100.531727
2016-04-01,13:48:21,11,12,13.73468,100.531727
2016-04-01,13:48:22,11,12,13.734588,100.531645
2016-04-01,13:48:23,11,12,13.73459,100.531647
2016-04-01,13:48:24,11,12,13.734587,100.531645
2016-04-01,13:48:25,11,12,13.734582,100.531647
2016-04-01,13:48:26,11,12,13.734575,100.531652
2016-04-01,13:48:27,11,12,13.73457,100.531665
2016-04-01,13:48:28,11,12,13.734565,100.531685
2016-04-01,13:48:29,11,12,13.734562,100.531708
2016-04-01,13:48:30,11,12,13.734562,100.531743
2016-04-01,13:48:31,11,12,13.734555,100.531785
2016-04-01,13:48:32,11,12,13.734548,100.531823
2016-04-01,13:48:33,11,12,13.734548,100.531852
2016-04-01,13:48:34,11,12,13.734555,100.531883
2016-04-01,13:48:35,11,12,13.734562,100.531913
2016-04-01,13:48:36,11,12,13.734565,100.531943
2016-04-01,13:48:37,11,12,13.734565,100.531997
2016-04-01,13:48:38,11,12,13.734572,100.532038
2016-04-01,13:48:39,11,12,13.734572,100.532078
2016-04-01,13:48:40,11,12,13.734573,100.532137
2016-04-01,13:48:41,11,12,13.734563,100.532187
2016-04-01,13:48:42,11,12,13.734543,100.532242
2016-04-01,13:48:43,11,12,13.734525,100.532292
2016-04-01,13:48:44,11,12,13.734517,100.532362
2016-04-01,13:48:45,11,12,13.734507,100.53242
2016-04-01,13:48:46,11,12,13.7345,100.53246
2016-04-01,13:48:47,11,12,13.734488,100.532485
2016-04-01,13:48:48,11,12,13.734482,100.532517
2016-04-01,13:48:49,11,12,13.734472,100.532557
2016-04-01,13:48:50,11,12,13.734467,100.532605
2016-04-01,13:48:51,11,12,13.734463,100.532638
2016-04-01,13:48:52,11,12,13.734462,100.532658
2016-04-01,13:48:53,11,12,13.734457,100.532685
2016-04-01,13:48:54,11,12,13.734447,100.53271
2016-04-01,13:48:55,11,12,13.734442,100.532735
2016-04-01,13:48:56,11,12,13.734438,100.53277
2016-04-01,13:48:57,11,12,13.734428,100.532802
2016-04-01,13:48:58,11,12,13.734427,100.532827
2016-04-01,13:48:59,11,12,13.734432,100.532865
2016-04-01,13:49:00,11,12,13.734438,100.532892
2016-04-01,13:49:01,11,12,13.734447,100.532922
2016-04-01,13:49:02,11,12,13.734452,100.532952
2016-04-01,13:49:03,11,12,13.734455,100.532977
2016-04-01,13:49:04,11,12,13.734455,100.533002
2016-04-01,13:49:05,11,12,13.734447,100.533047
2016-04-01,13:49:06,11,12,13.734443,100.53309
2016-04-01,13:49:07,11,12,13.734435,100.533127
2016-04-01,13:49:08,11,12,13.734432,100.533172
2016-04-01,13:49:09,11,12,13.734415,100.533228
2016-04-01,13:49:10,11,12,13.73441,100.533272
2016-04-01,13:49:11,11,12,13.734405,100.53331
2016-04-01,13:49:12,11,12,13.734403,100.53335
2016-04-01,13:49:13,11,12,13.734405,100.533385
2016-04-01,13:49:14,11,12,13.734422,100.533402
2016-04-01,13:49:15,11,12,13.734428,100.533428
2016-04-01,13:49:16,11,12,13.734438,100.533462
2016-04-01,13:49:17,11,12,13.734448,100.533495
2016-04-01,13:49:18,11,12,13.734468,100.533543
2016-04-01,13:49:19,11,12,13.734485,100.533575
2016-04-01,13:49:20,11,12,13.734492,100.53361
2016-04-01,13:49:21,11,12,13.734493,100.53365
2016-04-01,13:49:22,11,12,13.73449,100.533672
2016-04-01,13:49:23,11,12,13.734483,100.53369
2016-04-01,13:49:24,11,12,13.734487,100.53372
2016-04-01,13:49:25,11,12,13.734483,100.533753
2016-04-01,13:49:26,11,12,13.734412,100.533775
2016-04-01,13:49:27,11,12,13.734383,100.533795
2016-04-01,13:49:28,11,12,13.734368,100.533818
2016-04-01,13:49:29,11,12,13.734357,100.533817
2016-04-01,13:49:30,11,12,13.734355,100.533815
2016-04-01,13:49:31,11,12,13.734355,100.533815
2016-04-01,13:49:32,11,12,13.734355,100.533815
2016-04-01,13:49:33,11,12,13.734355,100.533815
2016-04-01,13:49:34,11,12,13.734355,100.533815
2016-04-01,13:49:35,11,12,13.734355,100.533815
2016-04-01,13:49:36,11,12,13.734355,100.533815
2016-04-01,13:49:37,11,12,13.734355,100.533815
2016-04-01,13:49:38,11,12,13.734355,100.533815
2016-04-01,13:49:39,11,12,13.734355,100.533815
2016-04-01,13:49:40,11,12,13.734338,100.533827
2016-04-01,13:49:41,11,12,13.734335,100.533838
2016-04-01,13:49:42,11,12,13.73433,100.533858
2016-04-01,13:49:43,11,12,13.734308,100.533895
2016-04-01,13:49:44,11,12,13.734293,100.53394
2016-04-01,13:49:45,11,12,13.734292,100.533962
2016-04-01,13:49:46,11,12,13.734283,100.533975
2016-04-01,13:49:47,11,12,13.734275,100.533985
2016-04-01,13:49:48,11,12,13.734272,100.533988
2016-04-01,13:49:49,11,12,13.73427,100.533993
2016-04-01,13:49:50,11,12,13.734265,100.533998
2016-04-01,13:49:51,11,12,13.734263,100.533998
2016-04-01,13:49:52,11,12,13.734263,100.533998
2016-04-01,13:49:53,11,12,13.734263,100.533998
2016-04-01,13:49:54,11,12,13.734263,100.533998
2016-04-01,13:49:55,11,12,13.734258,100.533988
2016-04-01,13:49:56,11,12,13.734257,100.53399
2016-04-01,13:49:57,11,12,13.734265,100.534
2016-04-01,13:49:58,11,12,13.734285,100.534017
2016-04-01,13:49:59,11,12,13.734313,100.534028
2016-04-01,13:50:00,11,12,13.734345,100.534043
2016-04-01,13:50:01,11,12,13.734387,100.534062
2016-04-01,13:50:02,11,12,13.734428,100.534077
2016-04-01,13:50:03,11,12,13.734467,100.534088
2016-04-01,13:50:04,11,12,13.734518,100.534095
2016-04-01,13:50:05,11,12,13.73456,100.5341
2016-04-01,13:50:06,11,12,13.734602,100.534113
2016-04-01,13:50:07,11,12,13.734652,100.534127
2016-04-01,13:50:08,11,12,13.734697,100.534142
2016-04-01,13:50:09,11,12,13.734742,100.534148
2016-04-01,13:50:10,11,12,13.734797,100.534155
2016-04-01,13:50:11,11,12,13.734852,100.534158
2016-04-01,13:50:12,11,12,13.734908,100.534157
2016-04-01,13:50:13,11,12,13.734958,100.534163
2016-04-01,13:50:14,11,12,13.735017,100.53417
2016-04-01,13:50:15,11,12,13.735072,100.534177
2016-04-01,13:50:16,11,12,13.735127,100.534183
2016-04-01,13:50:17,11,12,13.735183,100.53419
2016-04-01,13:50:18,11,12,13.735237,100.534202
2016-04-01,13:50:19,11,12,13.735287,100.534208
2016-04-01,13:50:20,11,12,13.735348,100.534208
2016-04-01,13:50:21,11,12,13.735405,100.534217
2016-04-01,13:50:22,11,12,13.735462,100.534228
2016-04-01,13:50:23,11,12,13.735517,100.534237
2016-04-01,13:50:24,11,12,13.735575,100.53424
2016-04-01,13:50:25,11,12,13.735625,100.53424
2016-04-01,13:50:26,11,12,13.735688,100.53424
2016-04-01,13:50:27,11,12,13.735738,100.534248
2016-04-01,13:50:28,11,12,13.735798,100.534253
2016-04-01,13:50:29,11,12,13.735853,100.534268
2016-04-01,13:50:30,11,12,13.735902,100.534278
2016-04-01,13:50:31,11,12,13.73596,100.534295
2016-04-01,13:50:32,11,12,13.736017,100.534303
2016-04-01,13:50:33,11,12,13.73607,100.53431
2016-04-01,13:50:34,11,12,13.736132,100.534317
2016-04-01,13:50:35,11,12,13.736198,100.534318
2016-04-01,13:50:36,11,12,13.736258,100.534322
2016-04-01,13:50:37,11,12,13.736317,100.53433
2016-04-01,13:50:38,11,12,13.736375,100.534333
2016-04-01,13:50:39,11,12,13.736425,100.53434
2016-04-01,13:50:40,11,12,13.736485,100.534348
2016-04-01,13:50:41,11,12,13.73654,100.534357
2016-04-01,13:50:42,11,12,13.736593,100.53437
2016-04-01,13:50:43,11,12,13.736643,100.534388
2016-04-01,13:50:44,11,12,13.736702,100.534403
2016-04-01,13:50:45,11,12,13.736757,100.534412
2016-04-01,13:50:46,11,12,13.736803,100.534417
2016-04-01,13:50:47,11,12,13.736863,100.534428
2016-04-01,13:50:48,11,12,13.736917,100.534437
2016-04-01,13:50:49,11,12,13.736965,100.534443
2016-04-01,13:50:50,11,12,13.737025,100.534452
2016-04-01,13:50:51,11,12,13.73708,100.534458
2016-04-01,13:50:52,11,12,13.737137,100.534468
2016-04-01,13:50:53,11,12,13.737188,100.534477
2016-04-01,13:50:54,11,12,13.737253,100.534487
2016-04-01,13:50:55,11,12,13.737315,100.534497
2016-04-01,13:50:56,11,12,13.737377,100.534507
2016-04-01,13:50:57,11,12,13.737437,100.534517
2016-04-01,13:50:58,11,12,13.737497,100.534528
2016-04-01,13:50:59,11,12,13.737555,100.534537
2016-04-01,13:51:00,11,12,13.737612,100.534548
2016-04-01,13:51:01,11,12,13.737667,100.534558
2016-04-01,13:51:02,11,12,13.737722,100.534567
2016-04-01,13:51:03,11,12,13.737773,100.534575
2016-04-01,13:51:04,11,12,13.737825,100.534583
2016-04-01,13:51:05,11,12,13.737872,100.534587
2016-04-01,13:51:06,11,12,13.737928,100.534593
2016-04-01,13:51:07,11,12,13.73798,100.534598
2016-04-01,13:51:08,11,12,13.738035,100.534603
2016-04-01,13:51:09,11,12,13.738093,100.53461
2016-04-01,13:51:10,11,12,13.738147,100.534618
2016-04-01,13:51:11,11,12,13.738212,100.534632
2016-04-01,13:51:12,11,12,13.738272,100.534642
2016-04-01,13:51:13,11,12,13.73833,100.534652
2016-04-01,13:51:14,11,12,13.738382,100.534662
2016-04-01,13:51:15,11,12,13.738448,100.534672
2016-04-01,13:51:16,11,12,13.738502,100.53468
2016-04-01,13:51:17,11,12,13.738565,100.53469
2016-04-01,13:51:18,11,12,13.738625,100.5347
2016-04-01,13:51:19,11,12,13.738677,100.534705
2016-04-01,13:51:20,11,12,13.738742,100.53471
2016-04-01,13:51:21,11,12,13.7388,100.534718
2016-04-01,13:51:22,11,12,13.73885,100.534728
2016-04-01,13:51:23,11,12,13.738912,100.53474
2016-04-01,13:51:24,11,12,13.738963,100.534742
2016-04-01,13:51:25,11,12,13.739022,100.534743
2016-04-01,13:51:26,11,12,13.739065,100.534753
2016-04-01,13:51:27,11,12,13.73911,100.534763
2016-04-01,13:51:28,11,12,13.739155,100.534772
2016-04-01,13:51:29,11,12,13.739192,100.534773
2016-04-01,13:51:30,11,12,13.73922,100.534777
2016-04-01,13:51:31,11,12,13.73925,100.534778
2016-04-01,13:51:32,11,12,13.739268,100.53478
2016-04-01,13:51:33,11,12,13.739278,100.534775
2016-04-01,13:51:34,11,12,13.739282,100.534767
2016-04-01,13:51:35,11,12,13.739282,100.53476
2016-04-01,13:51:36,11,12,13.739282,100.53476
2016-04-01,13:51:37,11,12,13.739282,100.53476
2016-04-01,13:51:38,11,12,13.739282,100.53476
2016-04-01,13:51:39,11,12,13.739282,100.53476
2016-04-01,13:51:40,11,12,13.739282,100.53476
2016-04-01,13:51:41,11,12,13.739282,100.53476
2016-04-01,13:51:42,11,12,13.739282,100.53476
2016-04-01,13:51:43,11,12,13.739282,100.53476
2016-04-01,13:51:44,11,12,13.739282,100.53476
2016-04-01,13:51:45,11,12,13.739267,100.534735
2016-04-01,13:51:46,11,12,13.739267,100.534735
2016-04-01,13:51:47,11,12,13.739277,100.534738
2016-04-01,13:51:48,11,12,13.739302,100.534748
2016-04-01,13:51:49,11,12,13.739328,100.534758
2016-04-01,13:51:50,11,12,13.739358,100.534773
2016-04-01,13:51:51,11,12,13.739393,100.53479
2016-04-01,13:51:52,11,12,13.739428,100.534808
2016-04-01,13:51:53,11,12,13.739468,100.534815
2016-04-01,13:51:54,11,12,13.739517,100.534825
2016-04-01,13:51:55,11,12,13.739565,100.534828
2016-04-01,13:51:56,11,12,13.739615,100.53483
2016-04-01,13:51:57,11,12,13.739667,100.534838
2016-04-01,13:51:58,11,12,13.739713,100.534845
2016-04-01,13:51:59,11,12,13.739775,100.534858
2016-04-01,13:52:00,11,12,13.739828,100.534878
2016-04-01,13:52:01,11,12,13.739888,100.534887
2016-04-01,13:52:02,11,12,13.739943,100.534893
2016-04-01,13:52:03,11,12,13.740008,100.534907
2016-04-01,13:52:04,11,12,13.740065,100.534918
2016-04-01,13:52:05,11,12,13.740117,100.534927
2016-04-01,13:52:06,11,12,13.74018,100.534935
2016-04-01,13:52:07,11,12,13.740237,100.534942
2016-04-01,13:52:08,11,12,13.740295,100.534942
2016-04-01,13:52:09,11,12,13.74035,100.53496
2016-04-01,13:52:10,11,12,13.740408,100.534975
2016-04-01,13:52:11,11,12,13.74046,100.534983
2016-04-01,13:52:12,11,12,13.740522,100.534983
2016-04-01,13:52:13,11,12,13.740577,100.53499
2016-04-01,13:52:14,11,12,13.740625,100.534997
2016-04-01,13:52:15,11,12,13.740683,100.535002
2016-04-01,13:52:16,11,12,13.740735,100.535005
2016-04-01,13:52:17,11,12,13.740782,100.535012
2016-04-01,13:52:18,11,12,13.740837,100.535018
2016-04-01,13:52:19,11,12,13.740887,100.535023
2016-04-01,13:52:20,11,12,13.740932,100.535033
2016-04-01,13:52:21,11,12,13.740987,100.535045
2016-04-01,13:52:22,11,12,13.741035,100.535057
2016-04-01,13:52:23,11,12,13.741077,100.535068
2016-04-01,13:52:24,11,12,13.741123,100.535078
2016-04-01,13:52:25,11,12,13.741175,100.535083
2016-04-01,13:52:26,11,12,13.741217,100.535087
2016-04-01,13:52:27,11,12,13.741265,100.535088
2016-04-01,13:52:28,11,12,13.741305,100.53509
2016-04-01,13:52:29,11,12,13.741345,100.535093
2016-04-01,13:52:30,11,12,13.74138,100.535093
2016-04-01,13:52:31,11,12,13.74142,100.535098
2016-04-01,13:52:32,11,12,13.741458,100.535107
2016-04-01,13:52:33,11,12,13.741492,100.535115
2016-04-01,13:52:34,11,12,13.741532,100.535123
2016-04-01,13:52:35,11,12,13.741565,100.535132
2016-04-01,13:52:36,11,12,13.741593,100.535142
2016-04-01,13:52:37,11,12,13.741613,100.535147
2016-04-01,13:52:38,11,12,13.741628,100.535148
2016-04-01,13:52:39,11,12,13.741642,100.535147
2016-04-01,13:52:40,11,12,13.741655,100.535147
2016-04-01,13:52:41,11,12,13.741665,100.535145
2016-04-01,13:52:42,11,12,13.741677,100.535145
2016-04-01,13:52:43,11,12,13.741687,100.53515
2016-04-01,13:52:44,11,12,13.741698,100.535153
2016-04-01,13:52:45,11,12,13.741707,100.535162
2016-04-01,13:52:46,11,12,13.741708,100.535165
2016-04-01,13:52:47,11,12,13.741708,100.535163
2016-04-01,13:52:48,11,12,13.741708,100.535163
2016-04-01,13:52:49,11,12,13.741708,100.535163
2016-04-01,13:52:50,11,12,13.741708,100.535163
2016-04-01,13:52:51,11,12,13.741712,100.53516
2016-04-01,13:52:52,11,12,13.741713,100.535162
2016-04-01,13:52:53,11,12,13.741727,100.535168
2016-04-01,13:52:54,11,12,13.741745,100.535172
2016-04-01,13:52:55,11,12,13.741768,100.535168
2016-04-01,13:52:56,11,12,13.741788,100.535172
2016-04-01,13:52:57,11,12,13.741808,100.535175
2016-04-01,13:52:58,11,12,13.741827,100.53518
2016-04-01,13:52:59,11,12,13.741845,100.535182
2016-04-01,13:53:00,11,12,13.74186,100.535183
2016-04-01,13:53:01,11,12,13.741873,100.535185
2016-04-01,13:53:02,11,12,13.741887,100.535187
2016-04-01,13:53:03,11,12,13.741903,100.53519
2016-04-01,13:53:04,11,12,13.741923,100.535193
2016-04-01,13:53:05,11,12,13.741943,100.535197
2016-04-01,13:53:06,11,12,13.741967,100.535205
2016-04-01,13:53:07,11,12,13.741985,100.535208
2016-04-01,13:53:08,11,12,13.742002,100.535208
2016-04-01,13:53:09,11,12,13.742023,100.535208
2016-04-01,13:53:10,11,12,13.742045,100.53521
2016-04-01,13:53:11,11,12,13.742063,100.535213
2016-04-01,13:53:12,11,12,13.742078,100.535215
2016-04-01,13:53:13,11,12,13.742092,100.535213
2016-04-01,13:53:14,11,12,13.742103,100.535212
2016-04-01,13:53:15,11,12,13.742115,100.53521
2016-04-01,13:53:16,11,12,13.742132,100.535213
2016-04-01,13:53:17,11,12,13.742153,100.535215
2016-04-01,13:53:18,11,12,13.742178,100.535218
2016-04-01,13:53:19,11,12,13.74221,100.535223
2016-04-01,13:53:20,11,12,13.742237,100.53523
2016-04-01,13:53:21,11,12,13.74226,100.535235
2016-04-01,13:53:22,11,12,13.742283,100.535242
2016-04-01,13:53:23,11,12,13.742303,100.535243
2016-04-01,13:53:24,11,12,13.742322,100.535245
2016-04-01,13:53:25,11,12,13.742338,100.535247
2016-04-01,13:53:26,11,12,13.742353,100.535248
2016-04-01,13:53:27,11,12,13.742373,100.53525
2016-04-01,13:53:28,11,12,13.742393,100.53525
2016-04-01,13:53:29,11,12,13.742415,100.53525
2016-04-01,13:53:30,11,12,13.742447,100.535257
2016-04-01,13:53:31,11,12,13.742475,100.53526
2016-04-01,13:53:32,11,12,13.742503,100.535265
2016-04-01,13:53:33,11,12,13.742528,100.53527
2016-04-01,13:53:34,11,12,13.742558,100.535273
2016-04-01,13:53:35,11,12,13.742585,100.535278
2016-04-01,13:53:36,11,12,13.742613,100.535283
2016-04-01,13:53:37,11,12,13.74264,100.53529
2016-04-01,13:53:38,11,12,13.742665,100.535295
2016-04-01,13:53:39,11,12,13.742692,100.5353
2016-04-01,13:53:40,11,12,13.742713,100.535303
2016-04-01,13:53:41,11,12,13.742733,100.535308
2016-04-01,13:53:42,11,12,13.742747,100.535312
2016-04-01,13:53:43,11,12,13.742753,100.535315
2016-04-01,13:53:44,11,12,13.742757,100.535317
2016-04-01,13:53:45,11,12,13.742757,100.535322
2016-04-01,13:53:46,11,12,13.742757,100.535322
2016-04-01,13:53:47,11,12,13.742757,100.535322
2016-04-01,13:53:48,11,12,13.742757,100.535322
2016-04-01,13:53:49,11,12,13.742757,100.535322
2016-04-01,13:53:50,11,12,13.742757,100.535322
2016-04-01,13:53:51,11,12,13.742757,100.535322
2016-04-01,13:53:52,11,12,13.742757,100.535322
2016-04-01,13:53:53,11,12,13.742757,100.535322
2016-04-01,13:53:54,11,12,13.742757,100.535322
2016-04-01,13:53:55,11,12,13.742757,100.535322
2016-04-01,13:53:56,11,12,13.742733,100.535352
2016-04-01,13:53:57,11,12,13.74274,100.535352
2016-04-01,13:53:58,11,12,13.742762,100.53535
2016-04-01,13:53:59,11,12,13.742783,100.535353
2016-04-01,13:54:00,11,12,13.742807,100.535353
2016-04-01,13:54:01,11,12,13.742828,100.53535
2016-04-01,13:54:02,11,12,13.74285,100.535358
2016-04-01,13:54:03,11,12,13.742872,100.535368
2016-04-01,13:54:04,11,12,13.742892,100.535375
2016-04-01,13:54:05,11,12,13.742915,100.535378
2016-04-01,13:54:06,11,12,13.74294,100.535385
2016-04-01,13:54:07,11,12,13.742967,100.535387
2016-04-01,13:54:08,11,12,13.742993,100.535392
2016-04-01,13:54:09,11,12,13.743022,100.535398
2016-04-01,13:54:10,11,12,13.743048,100.535408
2016-04-01,13:54:11,11,12,13.74308,100.535412
2016-04-01,13:54:12,11,12,13.743102,100.535393
2016-04-01,13:54:13,11,12,13.743127,100.535385
2016-04-01,13:54:14,11,12,13.743148,100.535385
2016-04-01,13:54:15,11,12,13.743168,100.535388
2016-04-01,13:54:16,11,12,13.743182,100.535393
2016-04-01,13:54:17,11,12,13.743188,100.535398
2016-04-01,13:54:18,11,12,13.743188,100.535398
2016-04-01,13:54:19,11,12,13.743188,100.535398
2016-04-01,13:54:20,11,12,13.743188,100.535398
2016-04-01,13:54:21,11,12,13.743188,100.535398
2016-04-01,13:54:22,11,12,13.743188,100.535398
2016-04-01,13:54:23,11,12,13.743188,100.535398
2016-04-01,13:54:24,11,12,13.743188,100.535398
2016-04-01,13:54:25,11,12,13.743188,100.535398
2016-04-01,13:54:26,11,12,13.743188,100.535398
2016-04-01,13:54:27,11,12,13.743188,100.535398
2016-04-01,13:54:28,11,12,13.743188,100.535398
2016-04-01,13:54:29,11,12,13.743188,100.535398
2016-04-01,13:54:30,11,12,13.743188,100.535398
2016-04-01,13:54:31,11,12,13.743188,100.535398
2016-04-01,13:54:32,11,12,13.743188,100.535398
2016-04-01,13:54:33,11,12,13.743188,100.535398
2016-04-01,13:54:34,11,12,13.743188,100.535398
2016-04-01,13:54:35,11,12,13.743188,100.535398
2016-04-01,13:54:36,11,12,13.743188,100.535398
2016-04-01,13:54:37,11,12,13.743188,100.535398
2016-04-01,13:54:38,11,12,13.743188,100.535398
2016-04-01,13:54:39,11,12,13.743188,100.535398
2016-04-01,13:54:40,11,12,13.743188,100.535398
2016-04-01,13:54:41,11,12,13.743188,100.535398
2016-04-01,13:54:42,11,12,13.743188,100.535398
2016-04-01,13:54:43,11,12,13.743188,100.535398
2016-04-01,13:54:44,11,12,13.743188,100.535398
2016-04-01,13:54:45,11,12,13.743188,100.535398
2016-04-01,13:54:46,11,12,13.743188,100.535398
2016-04-01,13:54:47,11,12,13.743188,100.535398
2016-04-01,13:54:48,11,12,13.743188,100.535398
2016-04-01,13:54:49,11,12,13.743188,100.535398
2016-04-01,13:54:50,11,12,13.743188,100.535398
2016-04-01,13:54:51,11,12,13.743188,100.535398
2016-04-01,13:54:52,11,12,13.743188,100.535398
2016-04-01,13:54:53,11,12,13.743188,100.535398
2016-04-01,13:54:54,11,12,13.743188,100.535398
2016-04-01,13:54:55,11,12,13.743188,100.535398
2016-04-01,13:54:56,11,12,13.743188,100.535398
2016-04-01,13:54:57,11,12,13.743188,100.535398
2016-04-01,13:54:58,11,12,13.743188,100.535398
2016-04-01,13:54:59,11,12,13.743188,100.535398
2016-04-01,13:55:00,11,12,13.743188,100.535398
2016-04-01,13:55:01,11,12,13.743188,100.535398
2016-04-01,13:55:02,11,12,13.743188,100.535398
2016-04-01,13:55:03,11,12,13.743188,100.535398
2016-04-01,13:55:04,11,12,13.743188,100.535398
2016-04-01,13:55:05,11,12,13.743188,100.535398
2016-04-01,13:55:06,11,12,13.743188,100.535398
2016-04-01,13:55:07,11,12,13.743188,100.535398
2016-04-01,13:55:08,11,12,13.743188,100.535398
2016-04-01,13:55:09,11,12,13.743188,100.535398
2016-04-01,13:55:10,11,12,13.743188,100.535398
2016-04-01,13:55:11,11,12,13.743188,100.535398
2016-04-01,13:55:12,11,12,13.743188,100.535398
2016-04-01,13:55:13,11,12,13.743188,100.535398
2016-04-01,13:55:14,11,12,13.743188,100.535398
2016-04-01,13:55:15,11,12,13.743188,100.535398
2016-04-01,13:55:16,11,12,13.743188,100.535398
2016-04-01,13:55:17,11,12,13.743188,100.535398
2016-04-01,13:55:18,11,12,13.743188,100.535398
2016-04-01,13:55:19,11,12,13.743188,100.535398
2016-04-01,13:55:20,11,12,13.743188,100.535398
2016-04-01,13:55:21,11,12,13.743188,100.535398
2016-04-01,13:55:22,11,12,13.743188,100.535398
2016-04-01,13:55:23,11,12,13.743188,100.535398
2016-04-01,13:55:24,11,12,13.743188,100.535398
2016-04-01,13:55:25,11,12,13.743188,100.535398
2016-04-01,13:55:26,11,12,13.743188,100.535398
2016-04-01,13:55:27,11,12,13.743188,100.535398
2016-04-01,13:55:28,11,12,13.743188,100.535398
2016-04-01,13:55:29,11,12,13.743188,100.535398
2016-04-01,13:55:30,11,12,13.743188,100.535398
2016-04-01,13:55:31,11,12,13.743188,100.535398
2016-04-01,13:55:32,11,12,13.743188,100.535398
2016-04-01,13:55:33,11,12,13.743188,100.535398
2016-04-01,13:55:34,11,12,13.743188,100.535398
2016-04-01,13:55:35,11,12,13.743188,100.535398
2016-04-01,13:55:36,11,12,13.743188,100.535398
2016-04-01,13:55:37,11,12,13.743188,100.535398
2016-04-01,13:55:38,11,12,13.743188,100.535398
2016-04-01,13:55:39,11,12,13.743188,100.535398
2016-04-01,13:55:40,11,12,13.743188,100.535398
2016-04-01,13:55:41,11,12,13.743188,100.535398
2016-04-01,13:55:42,11,12,13.743188,100.535398
2016-04-01,13:55:43,11,12,13.743188,100.535398
2016-04-01,13:55:44,11,12,13.743188,100.535398
2016-04-01,13:55:45,11,12,13.743188,100.535398
2016-04-01,13:55:46,11,12,13.743188,100.535398
2016-04-01,13:55:47,11,12,13.743188,100.535398
2016-04-01,13:55:48,11,12,13.743188,100.535398
2016-04-01,13:55:49,11,12,13.743188,100.535398
2016-04-01,13:55:50,11,12,13.743188,100.535398
2016-04-01,13:55:51,11,12,13.743188,100.535398
2016-04-01,13:55:52,11,12,13.743188,100.535398
2016-04-01,13:55:53,11,12,13.743188,100.535398
2016-04-01,13:55:54,11,12,13.743188,100.535398
2016-04-01,13:55:55,11,12,13.743188,100.535398
2016-04-01,13:55:56,11,12,13.743188,100.535398
2016-04-01,13:55:57,11,12,13.743188,100.535398
2016-04-01,13:55:58,11,12,13.743188,100.535398
2016-04-01,13:55:59,11,12,13.743188,100.535398
2016-04-01,13:56:00,11,12,13.743188,100.535398
2016-04-01,13:56:01,11,12,13.743188,100.535398
2016-04-01,13:56:02,11,12,13.743188,100.535398
2016-04-01,13:56:03,11,12,13.743188,100.535398
2016-04-01,13:56:04,11,12,13.743188,100.535398
2016-04-01,13:56:05,11,12,13.743188,100.535398
2016-04-01,13:56:06,11,12,13.743188,100.535398
2016-04-01,13:56:07,11,12,13.743188,100.535398
2016-04-01,13:56:08,11,12,13.743188,100.535398
2016-04-01,13:56:09,11,12,13.743188,100.535398
2016-04-01,13:56:10,11,12,13.743188,100.535398
2016-04-01,13:56:11,11,12,13.743188,100.535398
2016-04-01,13:56:12,11,12,13.743188,100.535398
2016-04-01,13:56:13,11,12,13.743188,100.535398
2016-04-01,13:56:14,11,12,13.743188,100.535398
2016-04-01,13:56:15,11,12,13.743188,100.535398
2016-04-01,13:56:16,11,12,13.743188,100.535398
2016-04-01,13:56:17,11,12,13.743188,100.535398
2016-04-01,13:56:18,11,12,13.743188,100.535398
2016-04-01,13:56:19,11,12,13.743188,100.535398
2016-04-01,13:56:20,11,12,13.743188,100.535398
2016-04-01,13:56:21,11,12,13.743188,100.535398
2016-04-01,13:56:22,11,12,13.743188,100.535398
2016-04-01,13:56:23,11,12,13.743188,100.535398
2016-04-01,13:56:24,11,12,13.743188,100.535398
2016-04-01,13:56:25,11,12,13.743188,100.535398
2016-04-01,13:56:26,11,12,13.743188,100.535398
2016-04-01,13:56:27,11,12,13.743188,100.535398
2016-04-01,13:56:28,11,12,13.743188,100.535398
2016-04-01,13:56:29,11,12,13.743188,100.535398
2016-04-01,13:56:30,11,12,13.743188,100.535398
2016-04-01,13:56:31,11,12,13.743188,100.535398
2016-04-01,13:56:32,11,12,13.743188,100.535398
2016-04-01,13:56:33,11,12,13.743188,100.535398
2016-04-01,13:56:34,11,12,13.743188,100.535398
2016-04-01,13:56:35,11,12,13.743188,100.535398
2016-04-01,13:56:36,11,12,13.743188,100.535398
2016-04-01,13:56:37,11,12,13.743188,100.535398
2016-04-01,13:56:38,11,12,13.743188,100.535398
2016-04-01,13:56:39,11,12,13.743188,100.535398
2016-04-01,13:56:40,11,12,13.743188,100.535398
2016-04-01,13:56:41,11,12,13.743188,100.535398
2016-04-01,13:56:42,11,12,13.743188,100.535398
2016-04-01,13:56:43,11,12,13.743188,100.535398
2016-04-01,13:56:44,11,12,13.743188,100.535398
2016-04-01,13:56:45,11,12,13.743188,100.535398
2016-04-01,13:56:46,11,12,13.743188,100.535398
2016-04-01,13:56:47,11,12,13.743188,100.535398
2016-04-01,13:56:48,11,12,13.743188,100.535398
2016-04-01,13:56:49,11,12,13.743188,100.535398
2016-04-01,13:56:50,11,12,13.743188,100.535398
2016-04-01,13:56:51,11,12,13.743188,100.535398
2016-04-01,13:56:52,11,12,13.743188,100.535398
2016-04-01,13:56:53,11,12,13.743188,100.535398
2016-04-01,13:56:54,11,12,13.743188,100.535398
2016-04-01,13:56:55,11,12,13.743188,100.535398
2016-04-01,13:56:56,11,12,13.743188,100.535398
2016-04-01,13:56:57,11,12,13.743188,100.535398
2016-04-01,13:56:58,11,12,13.743188,100.535398
2016-04-01,13:56:59,11,12,13.743188,100.535398
2016-04-01,13:57:00,11,12,13.743188,100.535398
2016-04-01,13:57:01,11,12,13.743188,100.535398
2016-04-01,13:57:02,11,12,13.743188,100.535398
2016-04-01,13:57:03,11,12,13.743188,100.535398
2016-04-01,13:57:04,11,12,13.743188,100.535398
2016-04-01,13:57:05,11,12,13.743188,100.535398
2016-04-01,13:57:06,11,12,13.743188,100.535398
2016-04-01,13:57:07,11,12,13.743188,100.535398
2016-04-01,13:57:08,11,12,13.743188,100.535398
2016-04-01,13:57:09,11,12,13.743188,100.535398
2016-04-01,13:57:10,11,12,13.743188,100.535398
2016-04-01,13:57:11,11,12,13.743188,100.535398
2016-04-01,13:57:12,11,12,13.743188,100.535398
2016-04-01,13:57:13,11,12,13.743188,100.535398
2016-04-01,13:57:14,11,12,13.743188,100.535398
2016-04-01,13:57:15,11,12,13.743188,100.535398
2016-04-01,13:57:16,11,12,13.743188,100.535398
2016-04-01,13:57:17,11,12,13.743188,100.535398
2016-04-01,13:57:18,11,12,13.743188,100.535398
2016-04-01,13:57:19,11,12,13.743188,100.535398
2016-04-01,13:57:20,11,12,13.743188,100.535398
2016-04-01,13:57:21,11,12,13.743188,100.535398
2016-04-01,13:57:22,11,12,13.74323,100.535432
2016-04-01,13:57:23,11,12,13.743238,100.535433
2016-04-01,13:57:24,11,12,13.743255,100.535435
2016-04-01,13:57:25,11,12,13.743272,100.535435
2016-04-01,13:57:26,11,12,13.743287,100.535435
2016-04-01,13:57:27,11,12,13.743303,100.535428
2016-04-01,13:57:28,11,12,13.743318,100.535427
2016-04-01,13:57:29,11,12,13.743328,100.535418
2016-04-01,13:57:30,11,12,13.743343,100.535408
2016-04-01,13:57:31,11,12,13.743358,100.535405
2016-04-01,13:57:32,11,12,13.743372,100.535403
2016-04-01,13:57:33,11,12,13.743385,100.53541
2016-04-01,13:57:34,11,12,13.743402,100.535405
2016-04-01,13:57:35,11,12,13.743423,100.535408
2016-04-01,13:57:36,11,12,13.743445,100.53541
2016-04-01,13:57:37,11,12,13.743467,100.535412
2016-04-01,13:57:38,11,12,13.743485,100.535408
2016-04-01,13:57:39,11,12,13.74351,100.535418
2016-04-01,13:57:40,11,12,13.74354,100.535423
2016-04-01,13:57:41,11,12,13.743572,100.535432
2016-04-01,13:57:42,11,12,13.743605,100.535438
2016-04-01,13:57:43,11,12,13.743638,100.535447
2016-04-01,13:57:44,11,12,13.743675,100.535458
2016-04-01,13:57:45,11,12,13.743712,100.535467
2016-04-01,13:57:46,11,12,13.743748,100.535467
2016-04-01,13:57:47,11,12,13.743795,100.535475
2016-04-01,13:57:48,11,12,13.743835,100.535488
2016-04-01,13:57:49,11,12,13.743877,100.535492
2016-04-01,13:57:50,11,12,13.74392,100.535487
2016-04-01,13:57:51,11,12,13.74397,100.535482
2016-04-01,13:57:52,11,12,13.744013,100.53548
2016-04-01,13:57:53,11,12,13.744058,100.535482
2016-04-01,13:57:54,11,12,13.744097,100.53549
2016-04-01,13:57:55,11,12,13.744132,100.535502
2016-04-01,13:57:56,11,12,13.744175,100.535518
2016-04-01,13:57:57,11,12,13.74421,100.535532
2016-04-01,13:57:58,11,12,13.74424,100.535543
2016-04-01,13:57:59,11,12,13.744277,100.535552
2016-04-01,13:58:00,11,12,13.744303,100.535548
2016-04-01,13:58:01,11,12,13.744332,100.535542
2016-04-01,13:58:02,11,12,13.744358,100.53554
2016-04-01,13:58:03,11,12,13.744378,100.535542
2016-04-01,13:58:04,11,12,13.744393,100.535543
2016-04-01,13:58:05,11,12,13.744405,100.535547
2016-04-01,13:58:06,11,12,13.74441,100.535528
2016-04-01,13:58:07,11,12,13.744412,100.53552
2016-04-01,13:58:08,11,12,13.744412,100.53552
2016-04-01,13:58:09,11,12,13.744412,100.53552
2016-04-01,13:58:10,11,12,13.744412,100.53552
2016-04-01,13:58:11,11,12,13.744412,100.53552
2016-04-01,13:58:12,11,12,13.744412,100.53552
2016-04-01,13:58:13,11,12,13.744412,100.53552
2016-04-01,13:58:14,11,12,13.744412,100.53552
2016-04-01,13:58:15,11,12,13.744412,100.53552
2016-04-01,13:58:16,11,12,13.744412,100.53552
2016-04-01,13:58:17,11,12,13.744412,100.53552
2016-04-01,13:58:18,11,12,13.744412,100.53552
2016-04-01,13:58:19,11,12,13.744412,100.53552
2016-04-01,13:58:20,11,12,13.744412,100.53552
2016-04-01,13:58:21,11,12,13.744412,100.53552
2016-04-01,13:58:22,11,12,13.744412,100.53552
2016-04-01,13:58:23,11,12,13.744412,100.53552
2016-04-01,13:58:24,11,12,13.744412,100.53552
2016-04-01,13:58:25,11,12,13.744412,100.53552
2016-04-01,13:58:26,11,12,13.744412,100.53552
2016-04-01,13:58:27,11,12,13.744412,100.53552
2016-04-01,13:58:28,11,12,13.744412,100.53552
2016-04-01,13:58:29,11,12,13.744412,100.53552
2016-04-01,13:58:30,11,12,13.744412,100.53552
2016-04-01,13:58:31,11,12,13.744412,100.53552
2016-04-01,13:58:32,11,12,13.744423,100.535562
2016-04-01,13:58:33,11,12,13.744423,100.53556
2016-04-01,13:58:34,11,12,13.744423,100.535558
2016-04-01,13:58:35,11,12,13.744423,100.535558
2016-04-01,13:58:36,11,12,13.744423,100.535558
2016-04-01,13:58:37,11,12,13.744423,100.535558
2016-04-01,13:58:38,11,12,13.744423,100.535558
2016-04-01,13:58:39,11,12,13.744423,100.535558
2016-04-01,13:58:40,11,12,13.744423,100.535558
2016-04-01,13:58:41,11,12,13.744423,100.535558
2016-04-01,13:58:42,11,12,13.744423,100.535558
2016-04-01,13:58:43,11,12,13.744423,100.535558
2016-04-01,13:58:44,11,12,13.744423,100.535558
2016-04-01,13:58:45,11,12,13.744423,100.535558
2016-04-01,13:58:46,11,12,13.744423,100.535558
2016-04-01,13:58:47,11,12,13.744423,100.535558
2016-04-01,13:58:48,11,12,13.744423,100.535558
2016-04-01,13:58:49,11,12,13.744423,100.535558
2016-04-01,13:58:50,11,12,13.744423,100.535558
2016-04-01,13:58:51,11,12,13.744423,100.535558
2016-04-01,13:58:52,11,12,13.744423,100.535558
2016-04-01,13:58:53,11,12,13.744423,100.535558
2016-04-01,13:58:54,11,12,13.744423,100.535558
2016-04-01,13:58:55,11,12,13.744423,100.535558
2016-04-01,13:58:56,11,12,13.744423,100.535558
2016-04-01,13:58:57,11,12,13.744423,100.535558
2016-04-01,13:58:58,11,12,13.744423,100.535558
2016-04-01,13:58:59,11,12,13.744423,100.535558
2016-04-01,13:59:00,11,12,13.744423,100.535558
2016-04-01,13:59:01,11,12,13.744423,100.535558
2016-04-01,13:59:02,11,12,13.744423,100.535558
2016-04-01,13:59:03,11,12,13.744423,100.535558
2016-04-01,13:59:04,11,12,13.744423,100.535558
2016-04-01,13:59:05,11,12,13.744423,100.535558
2016-04-01,13:59:06,11,12,13.744423,100.535558
2016-04-01,13:59:07,11,12,13.744423,100.535558
2016-04-01,13:59:08,11,12,13.744423,100.535558
2016-04-01,13:59:09,11,12,13.744423,100.535558
2016-04-01,13:59:10,11,12,13.744423,100.535558
2016-04-01,13:59:11,11,12,13.744423,100.535558
2016-04-01,13:59:12,11,12,13.744423,100.535558
2016-04-01,13:59:13,11,12,13.744423,100.535558
2016-04-01,13:59:14,11,12,13.744423,100.535558
2016-04-01,13:59:15,11,12,13.744423,100.535558
2016-04-01,13:59:16,11,12,13.744423,100.535558
2016-04-01,13:59:17,11,12,13.744423,100.535558
2016-04-01,13:59:18,11,12,13.744423,100.535558
2016-04-01,13:59:19,11,12,13.744423,100.535558
2016-04-01,13:59:20,11,12,13.744423,100.535558
2016-04-01,13:59:21,11,12,13.744423,100.535558
2016-04-01,13:59:22,11,12,13.744423,100.535558
2016-04-01,13:59:23,11,12,13.744423,100.535558
2016-04-01,13:59:24,11,12,13.744423,100.535558
2016-04-01,13:59:25,11,12,13.744423,100.535558
2016-04-01,13:59:26,11,12,13.744423,100.535558
2016-04-01,13:59:27,11,12,13.744423,100.535558
2016-04-01,13:59:28,11,12,13.744423,100.535558
2016-04-01,13:59:29,11,12,13.744423,100.535558
2016-04-01,13:59:30,11,12,13.744423,100.535558
2016-04-01,13:59:31,11,12,13.744423,100.535558
2016-04-01,13:59:32,11,12,13.744423,100.535558
2016-04-01,13:59:33,11,12,13.744423,100.535558
2016-04-01,13:59:34,11,12,13.744423,100.535558
2016-04-01,13:59:35,11,12,13.744423,100.535558
2016-04-01,13:59:36,11,12,13.744423,100.535558
2016-04-01,13:59:37,11,12,13.744423,100.535558
2016-04-01,13:59:38,11,12,13.744423,100.535558
2016-04-01,13:59:39,11,12,13.744423,100.535558
2016-04-01,13:59:40,11,12,13.744423,100.535558
2016-04-01,13:59:41,11,12,13.744423,100.535558
2016-04-01,13:59:42,11,12,13.744423,100.535558
2016-04-01,13:59:43,11,12,13.744423,100.535558
2016-04-01,13:59:44,11,12,13.744423,100.535558
2016-04-01,13:59:45,11,12,13.744423,100.535558
2016-04-01,13:59:46,11,12,13.744423,100.535558
2016-04-01,13:59:47,11,12,13.744423,100.535558
2016-04-01,13:59:48,11,12,13.744423,100.535558
2016-04-01,13:59:49,11,12,13.744423,100.535558
2016-04-01,13:59:50,11,12,13.744423,100.535558
2016-04-01,13:59:51,11,12,13.744423,100.535558
2016-04-01,13:59:52,11,12,13.744423,100.535558
2016-04-01,13:59:53,11,12,13.744423,100.535558
2016-04-01,13:59:54,11,12,13.744423,100.535558
2016-04-01,13:59:55,11,12,13.744423,100.535558
2016-04-01,13:59:56,11,12,13.744423,100.535558
2016-04-01,13:59:57,11,12,13.744423,100.535558
2016-04-01,13:59:58,11,12,13.744423,100.535558
2016-04-01,13:59:59,11,12,13.744423,100.535558
2016-04-01,14:00:00,11,12,13.744423,100.535558
2016-04-01,14:00:01,11,12,13.744423,100.535558
2016-04-01,14:00:02,11,12,13.744423,100.535558
2016-04-01,14:00:03,11,12,13.744423,100.535558
2016-04-01,14:00:04,11,12,13.744423,100.535558
2016-04-01,14:00:05,11,12,13.744423,100.535558
2016-04-01,14:00:06,11,12,13.744423,100.535558
2016-04-01,14:00:07,11,12,13.744423,100.535558
2016-04-01,14:00:08,11,12,13.744423,100.535558
2016-04-01,14:00:09,11,12,13.744423,100.535558
2016-04-01,14:00:10,11,12,13.744423,100.535558
2016-04-01,14:00:11,11,12,13.744423,100.535558
2016-04-01,14:00:12,11,12,13.744423,100.535558
2016-04-01,14:00:13,11,12,13.744423,100.535558
2016-04-01,14:00:14,11,12,13.744423,100.535558
2016-04-01,14:00:15,11,12,13.744423,100.535558
2016-04-01,14:00:16,11,12,13.744423,100.535558
2016-04-01,14:00:17,11,12,13.744423,100.535558
2016-04-01,14:00:18,11,12,13.744423,100.535558
2016-04-01,14:00:19,11,12,13.744423,100.535558
2016-04-01,14:00:20,11,12,13.744423,100.535558
2016-04-01,14:00:21,11,12,13.744423,100.535558
2016-04-01,14:00:22,11,12,13.744423,100.535558
2016-04-01,14:00:23,11,12,13.744423,100.535558
2016-04-01,14:00:24,11,12,13.744423,100.535558
2016-04-01,14:00:25,11,12,13.744423,100.535558
2016-04-01,14:00:26,11,12,13.744423,100.535558
2016-04-01,14:00:27,11,12,13.744423,100.535558
2016-04-01,14:00:28,11,12,13.744423,100.535558
2016-04-01,14:00:29,11,12,13.744423,100.535558
2016-04-01,14:00:30,11,12,13.744423,100.535558
2016-04-01,14:00:31,11,12,13.744423,100.535558
2016-04-01,14:00:32,11,12,13.744423,100.535558
2016-04-01,14:00:33,11,12,13.744423,100.535558
2016-04-01,14:00:34,11,12,13.744423,100.535558
2016-04-01,14:00:35,11,12,13.744423,100.535558
2016-04-01,14:00:36,11,12,13.744423,100.535558
2016-04-01,14:00:37,11,12,13.744423,100.535558
2016-04-01,14:00:38,11,12,13.744423,100.535558
2016-04-01,14:00:39,11,12,13.744423,100.535558
2016-04-01,14:00:40,11,12,13.744423,100.535558
2016-04-01,14:00:41,11,12,13.744423,100.535558
2016-04-01,14:00:42,11,12,13.744423,100.535558
2016-04-01,14:00:43,11,12,13.744423,100.535558
2016-04-01,14:00:44,11,12,13.744423,100.535558
2016-04-01,14:00:45,11,12,13.744423,100.535558
2016-04-01,14:00:46,11,12,13.744423,100.535558
2016-04-01,14:00:47,11,12,13.744423,100.535558
2016-04-01,14:00:48,11,12,13.744423,100.535558
2016-04-01,14:00:49,11,12,13.744423,100.535558
2016-04-01,14:00:50,11,12,13.744423,100.535558
2016-04-01,14:00:51,11,12,13.744423,100.535558
2016-04-01,14:00:52,11,12,13.744423,100.535558
2016-04-01,14:00:53,11,12,13.744423,100.535558
2016-04-01,14:00:54,11,12,13.744423,100.535558
2016-04-01,14:00:55,11,12,13.744423,100.535558
2016-04-01,14:00:56,11,12,13.744423,100.535558
2016-04-01,14:00:57,11,12,13.744423,100.535558
2016-04-01,14:00:58,11,12,13.744423,100.535558
2016-04-01,14:00:59,11,12,13.744423,100.535558
2016-04-01,14:01:00,11,12,13.744423,100.535558
2016-04-01,14:01:01,11,12,13.744423,100.535558
2016-04-01,14:01:02,11,12,13.744423,100.535558
2016-04-01,14:01:03,11,12,13.744423,100.535558
2016-04-01,14:01:04,11,12,13.744423,100.535558
2016-04-01,14:01:05,11,12,13.744423,100.535558
2016-04-01,14:01:06,11,12,13.744423,100.535558
2016-04-01,14:01:07,11,12,13.744423,100.535558
2016-04-01,14:01:08,11,12,13.744423,100.535558
2016-04-01,14:01:09,11,12,13.744423,100.535558
2016-04-01,14:01:10,11,12,13.744423,100.535558
2016-04-01,14:01:11,11,12,13.744423,100.535558
2016-04-01,14:01:12,11,12,13.744423,100.535558
2016-04-01,14:01:13,11,12,13.744423,100.535558
2016-04-01,14:01:14,11,12,13.744423,100.535558
2016-04-01,14:01:15,11,12,13.744423,100.535558
2016-04-01,14:01:16,11,12,13.744423,100.535558
2016-04-01,14:01:17,11,12,13.744423,100.535558
2016-04-01,14:01:18,11,12,13.744423,100.535558
2016-04-01,14:01:19,11,12,13.744423,100.535558
2016-04-01,14:01:20,11,12,13.744423,100.535558
2016-04-01,14:01:21,11,12,13.744423,100.535558
2016-04-01,14:01:22,11,12,13.744423,100.535558
2016-04-01,14:01:23,11,12,13.744423,100.535558
2016-04-01,14:01:24,11,12,13.744423,100.535558
2016-04-01,14:01:25,11,12,13.744423,100.535558
2016-04-01,14:01:26,11,12,13.744423,100.535558
2016-04-01,14:01:27,11,12,13.744423,100.535558
2016-04-01,14:01:28,11,12,13.744423,100.535558
2016-04-01,14:01:29,11,12,13.744423,100.535558
2016-04-01,14:01:30,11,12,13.744423,100.535558
2016-04-01,14:01:31,11,12,13.744423,100.535558
2016-04-01,14:01:32,11,12,13.744445,100.53548
2016-04-01,14:01:33,11,12,13.744445,100.535482
2016-04-01,14:01:34,11,12,13.744452,100.535485
2016-04-01,14:01:35,11,12,13.74446,100.535495
2016-04-01,14:01:36,11,12,13.74447,100.535508
2016-04-01,14:01:37,11,12,13.744483,100.535523
2016-04-01,14:01:38,11,12,13.74449,100.535528
2016-04-01,14:01:39,11,12,13.744488,100.535518
2016-04-01,14:01:40,11,12,13.744488,100.535527
2016-04-01,14:01:41,11,12,13.744492,100.53552
2016-04-01,14:01:42,11,12,13.744497,100.535533
2016-04-01,14:01:43,11,12,13.744518,100.535552
2016-04-01,14:01:44,11,12,13.744545,100.53557
2016-04-01,14:01:45,11,12,13.744577,100.535585
2016-04-01,14:01:46,11,12,13.744615,100.535587
2016-04-01,14:01:47,11,12,13.744653,100.535585
2016-04-01,14:01:48,11,12,13.744688,100.535595
2016-04-01,14:01:49,11,12,13.744713,100.535607
2016-04-01,14:01:50,11,12,13.744728,100.535612
2016-04-01,14:01:51,11,12,13.744732,100.53562
2016-04-01,14:01:52,11,12,13.744733,100.535628
2016-04-01,14:01:53,11,12,13.744733,100.535628
2016-04-01,14:01:54,11,12,13.744733,100.535628
2016-04-01,14:01:55,11,12,13.744733,100.535628
2016-04-01,14:01:56,11,12,13.744733,100.535628
2016-04-01,14:01:57,11,12,13.744733,100.535628
2016-04-01,14:01:58,11,12,13.744733,100.535628
2016-04-01,14:01:59,11,12,13.744733,100.535628
2016-04-01,14:02:00,11,12,13.744733,100.535628
2016-04-01,14:02:01,11,12,13.744733,100.535628
2016-04-01,14:02:02,11,12,13.744733,100.535628
2016-04-01,14:02:03,11,12,13.744733,100.535628
2016-04-01,14:02:04,11,12,13.744733,100.535628
2016-04-01,14:02:05,11,12,13.744733,100.535628
2016-04-01,14:02:06,11,12,13.744733,100.535628
2016-04-01,14:02:07,11,12,13.744733,100.535628
2016-04-01,14:02:08,11,12,13.744733,100.535628
2016-04-01,14:02:09,11,12,13.744733,100.535628
2016-04-01,14:02:10,11,12,13.744733,100.535628
2016-04-01,14:02:11,11,12,13.744733,100.535628
2016-04-01,14:02:12,11,12,13.744733,100.53562
2016-04-01,14:02:13,11,12,13.74474,100.53562
2016-04-01,14:02:14,11,12,13.744757,100.535625
2016-04-01,14:02:15,11,12,13.744785,100.535632
2016-04-01,14:02:16,11,12,13.74481,100.535638
2016-04-01,14:02:17,11,12,13.744835,100.535642
2016-04-01,14:02:18,11,12,13.744857,100.535645
2016-04-01,14:02:19,11,12,13.744882,100.535645
2016-04-01,14:02:20,11,12,13.744902,100.535657
2016-04-01,14:02:21,11,12,13.744912,100.535653
2016-04-01,14:02:22,11,12,13.744918,100.535658
2016-04-01,14:02:23,11,12,13.744922,100.535663
2016-04-01,14:02:24,11,12,13.744922,100.535665
2016-04-01,14:02:25,11,12,13.744922,100.535665
2016-04-01,14:02:26,11,12,13.744922,100.535665
2016-04-01,14:02:27,11,12,13.744922,100.535665
2016-04-01,14:02:28,11,12,13.744922,100.535665
2016-04-01,14:02:29,11,12,13.744922,100.535665
2016-04-01,14:02:30,11,12,13.744922,100.535665
2016-04-01,14:02:31,11,12,13.744922,100.535665
2016-04-01,14:02:32,11,12,13.744922,100.535665
2016-04-01,14:02:33,11,12,13.744922,100.535665
2016-04-01,14:02:34,11,12,13.744922,100.535665
2016-04-01,14:02:35,11,12,13.744922,100.535665
2016-04-01,14:02:36,11,12,13.744922,100.535665
2016-04-01,14:02:37,11,12,13.744922,100.535665
2016-04-01,14:02:38,11,12,13.744922,100.535665
2016-04-01,14:02:39,11,12,13.744922,100.535665
2016-04-01,14:02:40,11,12,13.744922,100.535665
2016-04-01,14:02:41,11,12,13.744922,100.535665
2016-04-01,14:02:42,11,12,13.744922,100.535665
2016-04-01,14:02:43,11,12,13.744922,100.535665
2016-04-01,14:02:44,11,12,13.744922,100.535665
2016-04-01,14:02:45,11,12,13.744922,100.535665
2016-04-01,14:02:46,11,12,13.744922,100.535665
2016-04-01,14:02:47,11,12,13.744922,100.535665
2016-04-01,14:02:48,11,12,13.744922,100.535665
2016-04-01,14:02:49,11,12,13.744922,100.535665
2016-04-01,14:02:50,11,12,13.744922,100.535665
2016-04-01,14:02:51,11,12,13.744922,100.535665
2016-04-01,14:02:52,11,12,13.744922,100.535665
2016-04-01,14:02:53,11,12,13.744922,100.535665
2016-04-01,14:02:54,11,12,13.744922,100.535665
2016-04-01,14:02:55,11,12,13.744922,100.535665
2016-04-01,14:02:56,11,12,13.744922,100.535665
2016-04-01,14:02:57,11,12,13.744922,100.535665
2016-04-01,14:02:58,11,12,13.744922,100.535665
2016-04-01,14:02:59,11,12,13.744922,100.535665
2016-04-01,14:03:00,11,12,13.744922,100.535665
2016-04-01,14:03:01,11,12,13.744922,100.535665
2016-04-01,14:03:02,11,12,13.744922,100.535665
2016-04-01,14:03:03,11,12,13.744922,100.535665
2016-04-01,14:03:04,11,12,13.744922,100.535665
2016-04-01,14:03:05,11,12,13.744922,100.535665
2016-04-01,14:03:06,11,12,13.744922,100.535665
2016-04-01,14:03:07,11,12,13.744922,100.535665
2016-04-01,14:03:08,11,12,13.744922,100.535665
2016-04-01,14:03:09,11,12,13.744922,100.535665
2016-04-01,14:03:10,11,12,13.744922,100.535665
2016-04-01,14:03:11,11,12,13.744922,100.535665
2016-04-01,14:03:12,11,12,13.744922,100.535665
2016-04-01,14:03:13,11,12,13.744922,100.535665
2016-04-01,14:03:14,11,12,13.744922,100.535665
2016-04-01,14:03:15,11,12,13.744922,100.535665
2016-04-01,14:03:16,11,12,13.744922,100.535665
2016-04-01,14:03:17,11,12,13.744922,100.535665
2016-04-01,14:03:18,11,12,13.744922,100.535665
2016-04-01,14:03:19,11,12,13.744922,100.535665
2016-04-01,14:03:20,11,12,13.744922,100.535665
2016-04-01,14:03:21,11,12,13.744922,100.535665
2016-04-01,14:03:22,11,12,13.744922,100.535665
2016-04-01,14:03:23,11,12,13.744922,100.535665
2016-04-01,14:03:24,11,12,13.744922,100.535665
2016-04-01,14:03:25,11,12,13.744922,100.535665
2016-04-01,14:03:26,11,12,13.744922,100.535665
2016-04-01,14:03:27,11,12,13.744922,100.535665
2016-04-01,14:03:28,11,12,13.744922,100.535665
2016-04-01,14:03:29,11,12,13.744922,100.535665
2016-04-01,14:03:30,11,12,13.744922,100.535665
2016-04-01,14:03:31,11,12,13.744922,100.535665
2016-04-01,14:03:32,11,12,13.744922,100.535665
2016-04-01,14:03:33,11,12,13.744922,100.535665
2016-04-01,14:03:34,11,12,13.744922,100.535665
2016-04-01,14:03:35,11,12,13.744922,100.535665
2016-04-01,14:03:36,11,12,13.744922,100.535665
2016-04-01,14:03:37,11,12,13.744922,100.535665
2016-04-01,14:03:38,11,12,13.744922,100.535665
2016-04-01,14:03:39,11,12,13.744922,100.535665
2016-04-01,14:03:40,11,12,13.744922,100.535665
2016-04-01,14:03:41,11,12,13.744922,100.535665
2016-04-01,14:03:42,11,12,13.744922,100.535665
2016-04-01,14:03:43,11,12,13.744922,100.535665
2016-04-01,14:03:44,11,12,13.744922,100.535665
2016-04-01,14:03:45,11,12,13.744922,100.535665
2016-04-01,14:03:46,11,12,13.744922,100.535665
2016-04-01,14:03:47,11,12,13.744922,100.535665
2016-04-01,14:03:48,11,12,13.744922,100.535665
2016-04-01,14:03:49,11,12,13.744922,100.535665
2016-04-01,14:03:50,11,12,13.744922,100.535665
2016-04-01,14:03:51,11,12,13.744922,100.535665
2016-04-01,14:03:52,11,12,13.744922,100.535665
2016-04-01,14:03:53,11,12,13.744922,100.535665
2016-04-01,14:03:54,11,12,13.744922,100.535665
2016-04-01,14:03:55,11,12,13.744922,100.535665
2016-04-01,14:03:56,11,12,13.744922,100.535665
2016-04-01,14:03:57,11,12,13.744922,100.535665
2016-04-01,14:03:58,11,12,13.744922,100.535665
2016-04-01,14:03:59,11,12,13.744922,100.535665
2016-04-01,14:04:00,11,12,13.744922,100.535665
2016-04-01,14:04:01,11,12,13.744922,100.535665
2016-04-01,14:04:02,11,12,13.744922,100.535665
2016-04-01,14:04:03,11,12,13.744922,100.535665
2016-04-01,14:04:04,11,12,13.744922,100.535665
2016-04-01,14:04:05,11,12,13.744922,100.535665
2016-04-01,14:04:06,11,12,13.744922,100.535665
2016-04-01,14:04:07,11,12,13.744922,100.535665
2016-04-01,14:04:08,11,12,13.744922,100.535665
2016-04-01,14:04:09,11,12,13.744922,100.535665
2016-04-01,14:04:10,11,12,13.744922,100.535665
2016-04-01,14:04:11,11,12,13.744922,100.535665
2016-04-01,14:04:12,11,12,13.744922,100.535665
2016-04-01,14:04:13,11,12,13.744922,100.535665
2016-04-01,14:04:14,11,12,13.744922,100.535665
2016-04-01,14:04:15,11,12,13.744922,100.535665
2016-04-01,14:04:16,11,12,13.744922,100.535665
2016-04-01,14:04:17,11,12,13.744922,100.535665
2016-04-01,14:04:18,11,12,13.744922,100.535665
2016-04-01,14:04:19,11,12,13.744922,100.535665
2016-04-01,14:04:20,11,12,13.744922,100.535665
2016-04-01,14:04:21,11,12,13.744922,100.535665
2016-04-01,14:04:22,11,12,13.744922,100.535665
2016-04-01,14:04:23,11,12,13.744922,100.535665
2016-04-01,14:04:24,11,12,13.744922,100.535665
2016-04-01,14:04:25,11,12,13.744922,100.535665
2016-04-01,14:04:26,11,12,13.744922,100.535665
2016-04-01,14:04:27,11,12,13.744922,100.535665
2016-04-01,14:04:28,11,12,13.744922,100.535665
2016-04-01,14:04:29,11,12,13.744922,100.535665
2016-04-01,14:04:30,11,12,13.744922,100.535665
2016-04-01,14:04:31,11,12,13.744922,100.535665
2016-04-01,14:04:32,11,12,13.744922,100.535665
2016-04-01,14:04:33,11,12,13.744922,100.535665
2016-04-01,14:04:34,11,12,13.744922,100.535665
2016-04-01,14:04:35,11,12,13.744922,100.535665
2016-04-01,14:04:36,11,12,13.744922,100.535665
2016-04-01,14:04:37,11,12,13.744922,100.535665
2016-04-01,14:04:38,11,12,13.744922,100.535665
2016-04-01,14:04:39,11,12,13.744922,100.535665
2016-04-01,14:04:40,11,12,13.744922,100.535665
2016-04-01,14:04:41,11,12,13.744922,100.535665
2016-04-01,14:04:42,11,12,13.744922,100.535665
2016-04-01,14:04:43,11,12,13.744922,100.535665
2016-04-01,14:04:44,11,12,13.744922,100.535665
2016-04-01,14:04:45,11,12,13.744922,100.535665
2016-04-01,14:04:46,11,12,13.744922,100.535665
2016-04-01,14:04:47,11,12,13.744922,100.535665
2016-04-01,14:04:48,11,12,13.744922,100.535665
2016-04-01,14:04:49,11,12,13.744922,100.535665
2016-04-01,14:04:50,11,12,13.744922,100.535665
2016-04-01,14:04:51,11,12,13.744922,100.535665
2016-04-01,14:04:52,11,12,13.744922,100.535665
2016-04-01,14:04:53,11,12,13.744922,100.535665
2016-04-01,14:04:54,11,12,13.744922,100.535665
2016-04-01,14:04:55,11,12,13.744922,100.535665
2016-04-01,14:04:56,11,12,13.744922,100.535665
2016-04-01,14:04:57,11,12,13.744922,100.535665
2016-04-01,14:04:58,11,12,13.744922,100.535665
2016-04-01,14:04:59,11,12,13.744922,100.535665
2016-04-01,14:05:00,11,12,13.744922,100.535665
2016-04-01,14:05:01,11,12,13.744922,100.535665
2016-04-01,14:05:02,11,12,13.744922,100.535665
2016-04-01,14:05:03,11,12,13.744922,100.535665
2016-04-01,14:05:04,11,12,13.744922,100.535665
2016-04-01,14:05:05,11,12,13.744922,100.535665
2016-04-01,14:05:06,11,12,13.744922,100.535665
2016-04-01,14:05:07,11,12,13.744922,100.535665
2016-04-01,14:05:08,11,12,13.744922,100.535665
2016-04-01,14:05:09,11,12,13.744922,100.535665
2016-04-01,14:05:10,11,12,13.744922,100.535665
2016-04-01,14:05:11,11,12,13.744922,100.535665
2016-04-01,14:05:12,11,12,13.744922,100.535665
2016-04-01,14:05:13,11,12,13.744922,100.535665
2016-04-01,14:05:14,11,12,13.744922,100.535665
2016-04-01,14:05:15,11,12,13.744922,100.535665
2016-04-01,14:05:16,11,12,13.744922,100.535665
2016-04-01,14:05:17,11,12,13.744922,100.535665
2016-04-01,14:05:18,11,12,13.744922,100.535665
2016-04-01,14:05:19,11,12,13.744922,100.535665
2016-04-01,14:05:20,11,12,13.744922,100.535665
2016-04-01,14:05:21,11,12,13.744922,100.535665
2016-04-01,14:05:22,11,12,13.744922,100.535665
2016-04-01,14:05:23,11,12,13.744922,100.535665
2016-04-01,14:05:24,11,12,13.744922,100.535665
2016-04-01,14:05:25,11,12,13.744922,100.535665
2016-04-01,14:05:26,11,12,13.744922,100.535665
2016-04-01,14:05:27,11,12,13.744922,100.535665
2016-04-01,14:05:28,11,12,13.744922,100.535665
2016-04-01,14:05:29,11,12,13.744922,100.535665
2016-04-01,14:05:30,11,12,13.744922,100.535665
2016-04-01,14:05:31,11,12,13.744922,100.535665
2016-04-01,14:05:32,11,12,13.744922,100.535665
2016-04-01,14:05:33,11,12,13.744922,100.535665
2016-04-01,14:05:34,11,12,13.744922,100.535665
2016-04-01,14:05:35,11,12,13.744922,100.535665
2016-04-01,14:05:36,11,12,13.744922,100.535665
2016-04-01,14:05:37,11,12,13.744922,100.535665
2016-04-01,14:05:38,11,12,13.744922,100.535665
2016-04-01,14:05:39,11,12,13.744922,100.535665
2016-04-01,14:05:40,11,12,13.744922,100.535665
2016-04-01,14:05:41,11,12,13.744922,100.535665
2016-04-01,14:05:42,11,12,13.744922,100.535665
2016-04-01,14:05:43,11,12,13.744922,100.535665
2016-04-01,14:05:44,11,12,13.744922,100.535665
2016-04-01,14:05:45,11,12,13.744922,100.535665
2016-04-01,14:05:46,11,12,13.744922,100.535665
2016-04-01,14:05:47,11,12,13.744922,100.535665
2016-04-01,14:05:48,11,12,13.744922,100.535665
2016-04-01,14:05:49,11,12,13.744922,100.535665
2016-04-01,14:05:50,11,12,13.744922,100.535665
2016-04-01,14:05:51,11,12,13.744922,100.535665
2016-04-01,14:05:52,11,12,13.744922,100.535665
2016-04-01,14:05:53,11,12,13.744922,100.535665
2016-04-01,14:05:54,11,12,13.744922,100.535665
2016-04-01,14:05:55,11,12,13.744922,100.535665
2016-04-01,14:05:56,11,12,13.744922,100.535665
2016-04-01,14:05:57,11,12,13.744922,100.535665
2016-04-01,14:05:58,11,12,13.744922,100.535665
2016-04-01,14:05:59,11,12,13.744922,100.535665
2016-04-01,14:06:00,11,12,13.744922,100.535665
2016-04-01,14:06:01,11,12,13.744922,100.535665
2016-04-01,14:06:02,11,12,13.744922,100.535665
2016-04-01,14:06:03,11,12,13.744922,100.535665
2016-04-01,14:06:04,11,12,13.744922,100.535665
2016-04-01,14:06:05,11,12,13.744922,100.535665
2016-04-01,14:06:06,11,12,13.744922,100.535665
2016-04-01,14:06:07,11,12,13.744922,100.535665
2016-04-01,14:06:08,11,12,13.744922,100.535665
2016-04-01,14:06:09,11,12,13.744922,100.535665
2016-04-01,14:06:10,11,12,13.744922,100.535665
2016-04-01,14:06:11,11,12,13.744922,100.535665
2016-04-01,14:06:12,11,12,13.744922,100.535665
2016-04-01,14:06:13,11,12,13.744922,100.535665
2016-04-01,14:06:14,11,12,13.744922,100.535665
2016-04-01,14:06:15,11,12,13.744922,100.535665
2016-04-01,14:06:16,11,12,13.744922,100.535665
2016-04-01,14:06:17,11,12,13.744922,100.535665
2016-04-01,14:06:18,11,12,13.744922,100.535665
2016-04-01,14:06:19,11,12,13.744922,100.535665
2016-04-01,14:06:20,11,12,13.744922,100.535665
2016-04-01,14:06:21,11,12,13.744922,100.535665
2016-04-01,14:06:22,11,12,13.744922,100.535665
2016-04-01,14:06:23,11,12,13.744922,100.535665
2016-04-01,14:06:24,11,12,13.744922,100.535665
2016-04-01,14:06:25,11,12,13.744922,100.535665
2016-04-01,14:06:26,11,12,13.744922,100.535665
2016-04-01,14:06:27,11,12,13.744922,100.535665
2016-04-01,14:06:28,11,12,13.744922,100.535665
2016-04-01,14:06:29,11,12,13.744922,100.535665
2016-04-01,14:06:30,11,12,13.744922,100.535665
2016-04-01,14:06:31,11,12,13.744922,100.535665
2016-04-01,14:06:32,11,12,13.744922,100.535665
2016-04-01,14:06:33,11,12,13.744922,100.535665
2016-04-01,14:06:34,11,12,13.744922,100.535665
2016-04-01,14:06:35,11,12,13.744922,100.535665
2016-04-01,14:06:36,11,12,13.744922,100.535665
2016-04-01,14:06:37,11,12,13.744922,100.535665
2016-04-01,14:06:38,11,12,13.744922,100.535665
2016-04-01,14:06:39,11,12,13.744922,100.535665
2016-04-01,14:06:40,11,12,13.744922,100.535665
2016-04-01,14:06:41,11,12,13.744922,100.535665
2016-04-01,14:06:42,11,12,13.744922,100.535665
2016-04-01,14:06:43,11,12,13.744922,100.535665
2016-04-01,14:06:44,11,12,13.744922,100.535665
2016-04-01,14:06:45,11,12,13.744922,100.535665
2016-04-01,14:06:46,11,12,13.744922,100.535665
2016-04-01,14:06:47,11,12,13.744922,100.535665
2016-04-01,14:06:48,11,12,13.744922,100.535665
2016-04-01,14:06:49,11,12,13.744922,100.535665
2016-04-01,14:06:50,11,12,13.744922,100.535665
2016-04-01,14:06:51,11,12,13.744922,100.535665
2016-04-01,14:06:52,11,12,13.744922,100.535665
2016-04-01,14:06:53,11,12,13.744922,100.535665
2016-04-01,14:06:54,11,12,13.744922,100.535665
2016-04-01,14:06:55,11,12,13.744922,100.535665
2016-04-01,14:06:56,11,12,13.744922,100.535665
2016-04-01,14:06:57,11,12,13.74492,100.53567
2016-04-01,14:06:58,11,12,13.744933,100.535673
2016-04-01,14:06:59,11,12,13.744955,100.535677
2016-04-01,14:07:00,11,12,13.744982,100.535683
2016-04-01,14:07:01,11,12,13.745015,100.53569
2016-04-01,14:07:02,11,12,13.745055,100.535697
2016-04-01,14:07:03,11,12,13.745088,100.535703
2016-04-01,14:07:04,11,12,13.745123,100.53571
2016-04-01,14:07:05,11,12,13.745153,100.535715
2016-04-01,14:07:06,11,12,13.745182,100.535717
2016-04-01,14:07:07,11,12,13.745208,100.535712
2016-04-01,14:07:08,11,12,13.745232,100.535705
2016-04-01,14:07:09,11,12,13.745247,100.535687
2016-04-01,14:07:10,11,12,13.745262,100.535672
2016-04-01,14:07:11,11,12,13.745282,100.535607
2016-04-01,14:07:12,11,12,13.74529,100.535585
2016-04-01,14:07:13,11,12,13.745298,100.535552
2016-04-01,14:07:14,11,12,13.745307,100.535528
2016-04-01,14:07:15,11,12,13.745315,100.53551
2016-04-01,14:07:16,11,12,13.745317,100.535485
2016-04-01,14:07:17,11,12,13.745338,100.535452
2016-04-01,14:07:18,11,12,13.745352,100.53542
2016-04-01,14:07:19,11,12,13.745363,100.5354
2016-04-01,14:07:20,11,12,13.745377,100.535392
2016-04-01,14:07:21,11,12,13.745382,100.53539
2016-04-01,14:07:22,11,12,13.745375,100.535377
2016-04-01,14:07:23,11,12,13.745375,100.535365
2016-04-01,14:07:24,11,12,13.745378,100.535343
2016-04-01,14:07:25,11,12,13.74538,100.535325
2016-04-01,14:07:26,11,12,13.745382,100.535312
2016-04-01,14:07:27,11,12,13.745385,100.535292
2016-04-01,14:07:28,11,12,13.745392,100.53524
2016-04-01,14:07:29,11,12,13.7454,100.535175
2016-04-01,14:07:30,11,12,13.745422,100.535103
2016-04-01,14:07:31,11,12,13.745458,100.535037
2016-04-01,14:07:32,11,12,13.74549,100.53495
2016-04-01,14:07:33,11,12,13.745543,100.534905
2016-04-01,14:07:34,11,12,13.745547,100.534847
2016-04-01,14:07:35,11,12,13.745583,100.534803
2016-04-01,14:07:36,11,12,13.745677,100.534737
2016-04-01,14:07:37,11,12,13.74574,100.534675
2016-04-01,14:07:38,11,12,13.745788,100.534575
2016-04-01,14:07:39,11,12,13.745783,100.534455
2016-04-01,14:07:40,11,12,13.745785,100.534308
2016-04-01,14:07:41,11,12,13.745783,100.534178
2016-04-01,14:07:42,11,12,13.745748,100.534022
2016-04-01,14:07:43,11,12,13.745627,100.5338
2016-04-01,14:07:44,11,12,13.745598,100.533665
2016-04-01,14:07:45,11,12,13.74561,100.533575
2016-04-01,14:07:46,11,12,13.745637,100.533453
2016-04-01,14:07:47,11,12,13.745697,100.533233
2016-04-01,14:07:48,11,12,13.745773,100.533117
2016-04-01,14:07:49,11,12,13.745803,100.533048
2016-04-01,14:07:50,11,12,13.745803,100.532962
2016-04-01,14:07:51,11,12,13.745787,100.532885
2016-04-01,14:07:52,11,12,13.745773,100.532837
2016-04-01,14:07:53,11,12,13.745778,100.532783
2016-04-01,14:07:54,11,12,13.745785,100.532725
2016-04-01,14:07:55,11,12,13.745788,100.532673
2016-04-01,14:07:56,11,12,13.745795,100.532618
2016-04-01,14:07:57,11,12,13.745807,100.532553
2016-04-01,14:07:58,11,12,13.745817,100.532505
2016-04-01,14:07:59,11,12,13.745817,100.532472
2016-04-01,14:08:00,11,12,13.745807,100.532452
2016-04-01,14:08:01,11,12,13.7458,100.532422
2016-04-01,14:08:02,11,12,13.7458,100.532385
2016-04-01,14:08:03,11,12,13.74577,100.532367
2016-04-01,14:08:04,11,12,13.745748,100.532365
2016-04-01,14:08:05,11,12,13.745745,100.532365
2016-04-01,14:08:06,11,12,13.745735,100.53238
2016-04-01,14:08:07,11,12,13.745733,100.532388
2016-04-01,14:08:08,11,12,13.745733,100.532388
2016-04-01,14:08:09,11,12,13.745733,100.532388
2016-04-01,14:08:10,11,12,13.745733,100.532388
2016-04-01,14:08:11,11,12,13.745733,100.532388
2016-04-01,14:08:12,11,12,13.745733,100.532388
2016-04-01,14:08:13,11,12,13.745733,100.532388
2016-04-01,14:08:14,11,12,13.745733,100.532388
2016-04-01,14:08:15,11,12,13.745733,100.532388
2016-04-01,14:08:16,11,12,13.745733,100.532388
2016-04-01,14:08:17,11,12,13.745733,100.532388
2016-04-01,14:08:18,11,12,13.745733,100.532388
2016-04-01,14:08:19,11,12,13.745733,100.532388
2016-04-01,14:08:20,11,12,13.745733,100.532388
2016-04-01,14:08:21,11,12,13.745733,100.532388
2016-04-01,14:08:22,11,12,13.745733,100.532388
2016-04-01,14:08:23,11,12,13.745733,100.532388
2016-04-01,14:08:24,11,12,13.745733,100.532388
2016-04-01,14:08:25,11,12,13.745733,100.532388
2016-04-01,14:08:26,11,12,13.745733,100.532388
2016-04-01,14:08:27,11,12,13.745733,100.532388
2016-04-01,14:08:28,11,12,13.745733,100.532388
2016-04-01,14:08:29,11,12,13.745733,100.532388
2016-04-01,14:08:30,11,12,13.745733,100.532388
2016-04-01,14:08:31,11,12,13.745733,100.532388
2016-04-01,14:08:32,11,12,13.745733,100.532388
2016-04-01,14:08:33,11,12,13.745733,100.532388
2016-04-01,14:08:34,11,12,13.745733,100.532388
2016-04-01,14:08:35,11,12,13.745733,100.532388
2016-04-01,14:08:36,11,12,13.745733,100.532388
2016-04-01,14:08:37,11,12,13.745733,100.532388
2016-04-01,14:08:38,11,12,13.745733,100.532388
2016-04-01,14:08:39,11,12,13.745733,100.532388
2016-04-01,14:08:40,11,12,13.745733,100.532388
2016-04-01,14:08:41,11,12,13.745705,100.532363
2016-04-01,14:08:42,11,12,13.745707,100.532363
2016-04-01,14:08:43,11,12,13.745717,100.532343
2016-04-01,14:08:44,11,12,13.745735,100.532302
2016-04-01,14:08:45,11,12,13.745753,100.532265
2016-04-01,14:08:46,11,12,13.745775,100.532223
2016-04-01,14:08:47,11,12,13.74579,100.532192
2016-04-01,14:08:48,11,12,13.7458,100.532163
2016-04-01,14:08:49,11,12,13.745807,100.532122
2016-04-01,14:08:50,11,12,13.745813,100.532083
2016-04-01,14:08:51,11,12,13.745825,100.532055
2016-04-01,14:08:52,11,12,13.745845,100.532032
2016-04-01,14:08:53,11,12,13.745858,100.532013
2016-04-01,14:08:54,11,12,13.745867,100.531982
2016-04-01,14:08:55,11,12,13.745877,100.53194
2016-04-01,14:08:56,11,12,13.745917,100.53185
2016-04-01,14:08:57,11,12,13.745937,100.531785
2016-04-01,14:08:58,11,12,13.745955,100.531732
2016-04-01,14:08:59,11,12,13.745943,100.531667
2016-04-01,14:09:00,11,12,13.745923,100.531623
2016-04-01,14:09:01,11,12,13.745918,100.531582
2016-04-01,14:09:02,11,12,13.745943,100.531537
2016-04-01,14:09:03,11,12,13.745975,100.531467
2016-04-01,14:09:04,11,12,13.745983,100.531412
2016-04-01,14:09:05,11,12,13.745995,100.531313
2016-04-01,14:09:06,11,12,13.745992,100.531257
2016-04-01,14:09:07,11,12,13.745977,100.531203
2016-04-01,14:09:08,11,12,13.745958,100.531142
2016-04-01,14:09:09,11,12,13.745933,100.53108
2016-04-01,14:09:10,11,12,13.745915,100.531022
2016-04-01,14:09:11,11,12,13.745895,100.530978
2016-04-01,14:09:12,11,12,13.745887,100.530968
2016-04-01,14:09:13,11,12,13.745913,100.531032
2016-04-01,14:09:14,11,12,13.745883,100.531017
2016-04-01,14:09:15,11,12,13.745835,100.530928
2016-04-01,14:09:16,11,12,13.745795,100.530877
2016-04-01,14:09:17,11,12,13.745773,100.530848
2016-04-01,14:09:18,11,12,13.745753,100.530807
2016-04-01,14:09:19,11,12,13.745727,100.530778
2016-04-01,14:09:20,11,12,13.7457,100.53075
2016-04-01,14:09:21,11,12,13.745657,100.530717
2016-04-01,14:09:22,11,12,13.745612,100.530697
2016-04-01,14:09:23,11,12,13.745572,100.530652
2016-04-01,14:09:24,11,12,13.745518,100.530607
2016-04-01,14:09:25,11,12,13.745467,100.530593
2016-04-01,14:09:26,11,12,13.745417,100.530583
2016-04-01,14:09:27,11,12,13.745352,100.530572
2016-04-01,14:09:28,11,12,13.745292,100.530555
2016-04-01,14:09:29,11,12,13.74524,100.530518
2016-04-01,14:09:30,11,12,13.745182,100.530498
2016-04-01,14:09:31,11,12,13.74512,100.530463
2016-04-01,14:09:32,11,12,13.745062,100.53045
2016-04-01,14:09:33,11,12,13.745012,100.530455
2016-04-01,14:09:34,11,12,13.744947,100.530453
2016-04-01,14:09:35,11,12,13.74489,100.530453
2016-04-01,14:09:36,11,12,13.744842,100.530448
2016-04-01,14:09:37,11,12,13.744782,100.530445
2016-04-01,14:09:38,11,12,13.744732,100.53046
2016-04-01,14:09:39,11,12,13.744677,100.530477
2016-04-01,14:09:40,11,12,13.744617,100.53047
2016-04-01,14:09:41,11,12,13.744562,100.530452
2016-04-01,14:09:42,11,12,13.744508,100.530438
2016-04-01,14:09:43,11,12,13.744442,100.530435
2016-04-01,14:09:44,11,12,13.744402,100.530443
2016-04-01,14:09:45,11,12,13.744383,100.53046
2016-04-01,14:09:46,11,12,13.744332,100.530438
2016-04-01,14:09:47,11,12,13.744263,100.530387
2016-04-01,14:09:48,11,12,13.744165,100.530372
2016-04-01,14:09:49,11,12,13.7441,100.530405
2016-04-01,14:09:50,11,12,13.744043,100.530405
2016-04-01,14:09:51,11,12,13.743992,100.530398
2016-04-01,14:09:52,11,12,13.743933,100.530383
2016-04-01,14:09:53,11,12,13.74388,100.53038
2016-04-01,14:09:54,11,12,13.743823,100.530382
2016-04-01,14:09:55,11,12,13.74377,100.530368
2016-04-01,14:09:56,11,12,13.743722,100.530362
2016-04-01,14:09:57,11,12,13.743662,100.530357
2016-04-01,14:09:58,11,12,13.743615,100.530352
2016-04-01,14:09:59,11,12,13.74358,100.530367
2016-04-01,14:10:00,11,12,13.743548,100.530357
2016-04-01,14:10:01,11,12,13.743515,100.53035
2016-04-01,14:10:02,11,12,13.74349,100.530342
2016-04-01,14:10:03,11,12,13.743473,100.530328
2016-04-01,14:10:04,11,12,13.743465,100.53032
2016-04-01,14:10:05,11,12,13.74347,100.530322
2016-04-01,14:10:06,11,12,13.743473,100.530318
2016-04-01,14:10:07,11,12,13.743473,100.530318
2016-04-01,14:10:08,11,12,13.743473,100.530318
2016-04-01,14:10:09,11,12,13.743473,100.530318
2016-04-01,14:10:10,11,12,13.743473,100.530318
2016-04-01,14:10:11,11,12,13.743473,100.530318
2016-04-01,14:10:12,11,12,13.743473,100.530318
2016-04-01,14:10:13,11,12,13.743473,100.530318
2016-04-01,14:10:14,11,12,13.743473,100.530318
2016-04-01,14:10:15,11,12,13.743473,100.530318
2016-04-01,14:10:16,11,12,13.743473,100.530318
2016-04-01,14:10:17,11,12,13.743473,100.530318
2016-04-01,14:10:18,11,12,13.743473,100.530318
2016-04-01,14:10:19,11,12,13.743473,100.530318
2016-04-01,14:10:20,11,12,13.743507,100.530285
2016-04-01,14:10:21,11,12,13.743497,100.530285
2016-04-01,14:10:22,11,12,13.743475,100.530287
2016-04-01,14:10:23,11,12,13.74345,100.530288
2016-04-01,14:10:24,11,12,13.743422,100.530287
2016-04-01,14:10:25,11,12,13.743382,100.53028
2016-04-01,14:10:26,11,12,13.74335,100.530283
2016-04-01,14:10:27,11,12,13.743305,100.530282
2016-04-01,14:10:28,11,12,13.743258,100.530275
2016-04-01,14:10:29,11,12,13.743215,100.530277
2016-04-01,14:10:30,11,12,13.743173,100.530275
2016-04-01,14:10:31,11,12,13.743125,100.530278
2016-04-01,14:10:32,11,12,13.74308,100.530288
2016-04-01,14:10:33,11,12,13.743037,100.530298
2016-04-01,14:10:34,11,12,13.74298,100.530305
2016-04-01,14:10:35,11,12,13.742932,100.530307
2016-04-01,14:10:36,11,12,13.742875,100.530303
2016-04-01,14:10:37,11,12,13.742815,100.5303
2016-04-01,14:10:38,11,12,13.742765,100.53029
2016-04-01,14:10:39,11,12,13.742718,100.530282
2016-04-01,14:10:40,11,12,13.74266,100.530283
2016-04-01,14:10:41,11,12,13.742603,100.53028
2016-04-01,14:10:42,11,12,13.742555,100.530275
2016-04-01,14:10:43,11,12,13.742497,100.530267
2016-04-01,14:10:44,11,12,13.742447,100.53026
2016-04-01,14:10:45,11,12,13.742393,100.530257
2016-04-01,14:10:46,11,12,13.74234,100.530253
2016-04-01,14:10:47,11,12,13.742293,100.53025
2016-04-01,14:10:48,11,12,13.742235,100.53024
2016-04-01,14:10:49,11,12,13.74218,100.530227
2016-04-01,14:10:50,11,12,13.742123,100.530217
2016-04-01,14:10:51,11,12,13.74207,100.530202
2016-04-01,14:10:52,11,12,13.742017,100.530192
2016-04-01,14:10:53,11,12,13.74197,100.530185
2016-04-01,14:10:54,11,12,13.741913,100.530178
2016-04-01,14:10:55,11,12,13.74186,100.530167
2016-04-01,14:10:56,11,12,13.74181,100.53016
2016-04-01,14:10:57,11,12,13.741748,100.530148
2016-04-01,14:10:58,11,12,13.741693,100.53014
2016-04-01,14:10:59,11,12,13.741638,100.530132
2016-04-01,14:11:00,11,12,13.741588,100.530127
2016-04-01,14:11:01,11,12,13.74153,100.530122
2016-04-01,14:11:02,11,12,13.741467,100.530113
2016-04-01,14:11:03,11,12,13.741408,100.530107
2016-04-01,14:11:04,11,12,13.741355,100.530103
2016-04-01,14:11:05,11,12,13.74129,100.530095
2016-04-01,14:11:06,11,12,13.741232,100.530087
2016-04-01,14:11:07,11,12,13.741175,100.530078
2016-04-01,14:11:08,11,12,13.74112,100.53007
2016-04-01,14:11:09,11,12,13.741065,100.530062
2016-04-01,14:11:10,11,12,13.741012,100.530052
2016-04-01,14:11:11,11,12,13.740958,100.530045
2016-04-01,14:11:12,11,12,13.740912,100.530042
2016-04-01,14:11:13,11,12,13.740857,100.530043
2016-04-01,14:11:14,11,12,13.740812,100.530043
2016-04-01,14:11:15,11,12,13.74076,100.530038
2016-04-01,14:11:16,11,12,13.740712,100.530033
2016-04-01,14:11:17,11,12,13.740663,100.530027
2016-04-01,14:11:18,11,12,13.740625,100.53002
2016-04-01,14:11:19,11,12,13.740595,100.530013
2016-04-01,14:11:20,11,12,13.740573,100.530008
2016-04-01,14:11:21,11,12,13.740557,100.530005
2016-04-01,14:11:22,11,12,13.740553,100.530007
2016-04-01,14:11:23,11,12,13.740557,100.530008
2016-04-01,14:11:24,11,12,13.740557,100.530008
2016-04-01,14:11:25,11,12,13.740557,100.530008
2016-04-01,14:11:26,11,12,13.740558,100.529988
2016-04-01,14:11:27,11,12,13.740553,100.52999
2016-04-01,14:11:28,11,12,13.740535,100.529988
2016-04-01,14:11:29,11,12,13.74051,100.529987
2016-04-01,14:11:30,11,12,13.74048,100.529982
2016-04-01,14:11:31,11,12,13.740447,100.529972
2016-04-01,14:11:32,11,12,13.740412,100.529963
2016-04-01,14:11:33,11,12,13.740373,100.529957
2016-04-01,14:11:34,11,12,13.740333,100.529952
2016-04-01,14:11:35,11,12,13.740295,100.529947
2016-04-01,14:11:36,11,12,13.740262,100.529942
2016-04-01,14:11:37,11,12,13.740218,100.529933
2016-04-01,14:11:38,11,12,13.740182,100.529928
2016-04-01,14:11:39,11,12,13.740143,100.529927
2016-04-01,14:11:40,11,12,13.74011,100.52992
2016-04-01,14:11:41,11,12,13.740072,100.529913
2016-04-01,14:11:42,11,12,13.740043,100.52991
2016-04-01,14:11:43,11,12,13.740018,100.529905
2016-04-01,14:11:44,11,12,13.739998,100.529903
2016-04-01,14:11:45,11,12,13.739983,100.529898
2016-04-01,14:11:46,11,12,13.739973,100.529898
2016-04-01,14:11:47,11,12,13.73997,100.5299
2016-04-01,14:11:48,11,12,13.739972,100.529903
2016-04-01,14:11:49,11,12,13.739972,100.529903
2016-04-01,14:11:50,11,12,13.739972,100.529903
2016-04-01,14:11:51,11,12,13.739972,100.529903
2016-04-01,14:11:52,11,12,13.739972,100.529903
2016-04-01,14:11:53,11,12,13.739972,100.529903
2016-04-01,14:11:54,11,12,13.739972,100.529903
2016-04-01,14:11:55,11,12,13.739972,100.529903
2016-04-01,14:11:56,11,12,13.739972,100.529903
2016-04-01,14:11:57,11,12,13.739972,100.529903
2016-04-01,14:11:58,11,12,13.739972,100.529903
2016-04-01,14:11:59,11,12,13.73999,100.529937
2016-04-01,14:12:00,11,12,13.739982,100.529935
2016-04-01,14:12:01,11,12,13.739963,100.52993
2016-04-01,14:12:02,11,12,13.739938,100.529923
2016-04-01,14:12:03,11,12,13.739905,100.529912
2016-04-01,14:12:04,11,12,13.739877,100.529905
2016-04-01,14:12:05,11,12,13.739838,100.529893
2016-04-01,14:12:06,11,12,13.739785,100.529883
2016-04-01,14:12:07,11,12,13.739738,100.529873
2016-04-01,14:12:08,11,12,13.739685,100.529863
2016-04-01,14:12:09,11,12,13.739635,100.529853
2016-04-01,14:12:10,11,12,13.739573,100.529845
2016-04-01,14:12:11,11,12,13.739515,100.529833
2016-04-01,14:12:12,11,12,13.739452,100.529822
2016-04-01,14:12:13,11,12,13.739388,100.529812
2016-04-01,14:12:14,11,12,13.739327,100.529802
2016-04-01,14:12:15,11,12,13.739265,100.529793
2016-04-01,14:12:16,11,12,13.739205,100.529787
2016-04-01,14:12:17,11,12,13.739152,100.529782
2016-04-01,14:12:18,11,12,13.739087,100.529775
2016-04-01,14:12:19,11,12,13.739033,100.529772
2016-04-01,14:12:20,11,12,13.738982,100.529768
2016-04-01,14:12:21,11,12,13.738935,100.529765
2016-04-01,14:12:22,11,12,13.738892,100.529762
2016-04-01,14:12:23,11,12,13.738843,100.529758
2016-04-01,14:12:24,11,12,13.738805,100.529763
2016-04-01,14:12:25,11,12,13.738773,100.52977
2016-04-01,14:12:26,11,12,13.738745,100.529787
2016-04-01,14:12:27,11,12,13.738728,100.52981
2016-04-01,14:12:28,11,12,13.738722,100.529842
2016-04-01,14:12:29,11,12,13.738723,100.529878
2016-04-01,14:12:30,11,12,13.738735,100.529905
2016-04-01,14:12:31,11,12,13.738758,100.52993
2016-04-01,14:12:32,11,12,13.738785,100.529955
2016-04-01,14:12:33,11,12,13.73882,100.529967
2016-04-01,14:12:34,11,12,13.738857,100.529973
2016-04-01,14:12:35,11,12,13.738898,100.529978
2016-04-01,14:12:36,11,12,13.738937,100.529983
2016-04-01,14:12:37,11,12,13.73898,100.529988
2016-04-01,14:12:38,11,12,13.739027,100.529995
2016-04-01,14:12:39,11,12,13.73907,100.529998
2016-04-01,14:12:40,11,12,13.739128,100.530007
2016-04-01,14:12:41,11,12,13.739177,100.530017
2016-04-01,14:12:42,11,12,13.739233,100.530037
2016-04-01,14:12:43,11,12,13.739282,100.530055
2016-04-01,14:12:44,11,12,13.739322,100.530075
2016-04-01,14:12:45,11,12,13.739363,100.5301
2016-04-01,14:12:46,11,12,13.739395,100.530123
2016-04-01,14:12:47,11,12,13.739435,100.530155
2016-04-01,14:12:48,11,12,13.739467,100.530198
2016-04-01,14:12:49,11,12,13.73949,100.530235
2016-04-01,14:12:50,11,12,13.739517,100.53028
2016-04-01,14:12:51,11,12,13.739537,100.530327
2016-04-01,14:12:52,11,12,13.739543,100.530358
2016-04-01,14:12:53,11,12,13.73955,100.530405
2016-04-01,14:12:54,11,12,13.739555,100.530445
2016-04-01,14:12:55,11,12,13.739555,100.530493
2016-04-01,14:12:56,11,12,13.739552,100.53055
2016-04-01,14:12:57,11,12,13.739552,100.5306
2016-04-01,14:12:58,11,12,13.739548,100.530662
2016-04-01,14:12:59,11,12,13.739542,100.530708
2016-04-01,14:13:00,11,12,13.739537,100.53076
2016-04-01,14:13:01,11,12,13.739532,100.530812
2016-04-01,14:13:02,11,12,13.739523,100.53087
2016-04-01,14:13:03,11,12,13.739515,100.530917
2016-04-01,14:13:04,11,12,13.739507,100.530972
2016-04-01,14:13:05,11,12,13.739498,100.531028
2016-04-01,14:13:06,11,12,13.739493,100.531085
2016-04-01,14:13:07,11,12,13.739482,100.531147
2016-04-01,14:13:08,11,12,13.739467,100.531187
2016-04-01,14:13:09,11,12,13.73946,100.53124
2016-04-01,14:13:10,11,12,13.739463,100.531295
2016-04-01,14:13:11,11,12,13.73946,100.53133
2016-04-01,14:13:12,11,12,13.739448,100.53137
2016-04-01,14:13:13,11,12,13.739445,100.531397
2016-04-01,14:13:14,11,12,13.739442,100.531413
2016-04-01,14:13:15,11,12,13.739442,100.531418
2016-04-01,14:13:16,11,12,13.73945,100.531418
2016-04-01,14:13:17,11,12,13.739453,100.531417
2016-04-01,14:13:18,11,12,13.739453,100.531417
2016-04-01,14:13:19,11,12,13.739453,100.531417
2016-04-01,14:13:20,11,12,13.739453,100.531417
2016-04-01,14:13:21,11,12,13.739453,100.531417
2016-04-01,14:13:22,11,12,13.739453,100.531417
2016-04-01,14:13:23,11,12,13.739453,100.531417
2016-04-01,14:13:24,11,12,13.739453,100.531417
2016-04-01,14:13:25,11,12,13.739453,100.531417
2016-04-01,14:13:26,11,12,13.739453,100.531417
2016-04-01,14:13:27,11,12,13.739453,100.531417
2016-04-01,14:13:28,11,12,13.739455,100.531413
2016-04-01,14:13:29,11,12,13.739452,100.531425
2016-04-01,14:13:30,11,12,13.739447,100.531447
2016-04-01,14:13:31,11,12,13.739442,100.531472
2016-04-01,14:13:32,11,12,13.739437,100.5315
2016-04-01,14:13:33,11,12,13.73943,100.531538
2016-04-01,14:13:34,11,12,13.739423,100.53157
2016-04-01,14:13:35,11,12,13.739417,100.531608
2016-04-01,14:13:36,11,12,13.73941,100.53164
2016-04-01,14:13:37,11,12,13.739405,100.531675
2016-04-01,14:13:38,11,12,13.739397,100.531703
2016-04-01,14:13:39,11,12,13.739392,100.531732
2016-04-01,14:13:40,11,12,13.739385,100.531773
2016-04-01,14:13:41,11,12,13.739375,100.53181
2016-04-01,14:13:42,11,12,13.739365,100.531855
2016-04-01,14:13:43,11,12,13.73936,100.531913
2016-04-01,14:13:44,11,12,13.73935,100.531955
2016-04-01,14:13:45,11,12,13.739348,100.53202
2016-04-01,14:13:46,11,12,13.73934,100.532075
2016-04-01,14:13:47,11,12,13.739332,100.532122
2016-04-01,14:13:48,11,12,13.739318,100.532178
2016-04-01,14:13:49,11,12,13.739308,100.532222
2016-04-01,14:13:50,11,12,13.739302,100.532278
2016-04-01,14:13:51,11,12,13.739297,100.532325
2016-04-01,14:13:52,11,12,13.739285,100.532382
2016-04-01,14:13:53,11,12,13.73928,100.532435
2016-04-01,14:13:54,11,12,13.73927,100.532488
2016-04-01,14:13:55,11,12,13.739257,100.532538
2016-04-01,14:13:56,11,12,13.739245,100.532587
2016-04-01,14:13:57,11,12,13.739238,100.53263
2016-04-01,14:13:58,11,12,13.73923,100.532688
2016-04-01,14:13:59,11,12,13.739223,100.532738
2016-04-01,14:14:00,11,12,13.739217,100.532783
2016-04-01,14:14:01,11,12,13.739213,100.532833
2016-04-01,14:14:02,11,12,13.739202,100.532868
2016-04-01,14:14:03,11,12,13.73918,100.53292
2016-04-01,14:14:04,11,12,13.739158,100.532967
2016-04-01,14:14:05,11,12,13.73913,100.533008
2016-04-01,14:14:06,11,12,13.739108,100.53303
2016-04-01,14:14:07,11,12,13.739085,100.533048
2016-04-01,14:14:08,11,12,13.73907,100.533058
2016-04-01,14:14:09,11,12,13.739058,100.53307
2016-04-01,14:14:10,11,12,13.739052,100.533085
2016-04-01,14:14:11,11,12,13.73905,100.533092
2016-04-01,14:14:12,11,12,13.73905,100.533093
2016-04-01,14:14:13,11,12,13.73905,100.533093
2016-04-01,14:14:14,11,12,13.73905,100.533093
2016-04-01,14:14:15,11,12,13.73905,100.533093
2016-04-01,14:14:16,11,12,13.73905,100.533093
2016-04-01,14:14:17,11,12,13.73905,100.533093
2016-04-01,14:14:18,11,12,13.73905,100.533093
2016-04-01,14:14:19,11,12,13.73905,100.533093
2016-04-01,14:14:20,11,12,13.73905,100.533093
2016-04-01,14:14:21,11,12,13.73905,100.533093
2016-04-01,14:14:22,11,12,13.73905,100.533093
2016-04-01,14:14:23,11,12,13.73905,100.533093
2016-04-01,14:14:24,11,12,13.73905,100.533093
2016-04-01,14:14:25,11,12,13.73905,100.533093
2016-04-01,14:14:26,11,12,13.73905,100.533093
2016-04-01,14:14:27,11,12,13.739055,100.533065
2016-04-01,14:14:28,11,12,13.739045,100.533067
2016-04-01,14:14:29,11,12,13.739028,100.533077
2016-04-01,14:14:30,11,12,13.739005,100.533087
2016-04-01,14:14:31,11,12,13.738978,100.533095
2016-04-01,14:14:32,11,12,13.738943,100.5331
2016-04-01,14:14:33,11,12,13.738902,100.5331
2016-04-01,14:14:34,11,12,13.738857,100.533105
2016-04-01,14:14:35,11,12,13.738812,100.533087
2016-04-01,14:14:36,11,12,13.738758,100.533062
2016-04-01,14:14:37,11,12,13.73871,100.533038
2016-04-01,14:14:38,11,12,13.738667,100.533043
2016-04-01,14:14:39,11,12,13.738637,100.533112
2016-04-01,14:14:40,11,12,13.738618,100.533195
2016-04-01,14:14:41,11,12,13.73858,100.533208
2016-04-01,14:14:42,11,12,13.738538,100.533207
2016-04-01,14:14:43,11,12,13.738502,100.533198
2016-04-01,14:14:44,11,12,13.738468,100.533192
2016-04-01,14:14:45,11,12,13.738425,100.533182
2016-04-01,14:14:46,11,12,13.738382,100.533173
2016-04-01,14:14:47,11,12,13.73834,100.533165
2016-04-01,14:14:48,11,12,13.738293,100.533152
2016-04-01,14:14:49,11,12,13.738255,100.533138
2016-04-01,14:14:50,11,12,13.738215,100.533133
2016-04-01,14:14:51,11,12,13.738165,100.533123
2016-04-01,14:14:52,11,12,13.738122,100.533103
2016-04-01,14:14:53,11,12,13.738075,100.533105
2016-04-01,14:14:54,11,12,13.738038,100.533123
2016-04-01,14:14:55,11,12,13.737998,100.533125
2016-04-01,14:14:56,11,12,13.737962,100.533118
2016-04-01,14:14:57,11,12,13.737923,100.53311
2016-04-01,14:14:58,11,12,13.737895,100.533103
2016-04-01,14:14:59,11,12,13.737858,100.533093
2016-04-01,14:15:00,11,12,13.73783,100.53309
2016-04-01,14:15:01,11,12,13.737792,100.533082
2016-04-01,14:15:02,11,12,13.737758,100.533065
2016-04-01,14:15:03,11,12,13.737727,100.533047
2016-04-01,14:15:04,11,12,13.737702,100.53303
2016-04-01,14:15:05,11,12,13.737682,100.533017
2016-04-01,14:15:06,11,12,13.73766,100.532998
2016-04-01,14:15:07,11,12,13.73765,100.532985
2016-04-01,14:15:08,11,12,13.737645,100.532975
2016-04-01,14:15:09,11,12,13.737647,100.532965
2016-04-01,14:15:10,11,12,13.737648,100.53296
2016-04-01,14:15:11,11,12,13.737648,100.53296
2016-04-01,14:15:12,11,12,13.737648,100.53296
2016-04-01,14:15:13,11,12,13.737648,100.53296
2016-04-01,14:15:14,11,12,13.737648,100.53296
2016-04-01,14:15:15,11,12,13.737648,100.53296
2016-04-01,14:15:16,11,12,13.737648,100.53296
2016-04-01,14:15:17,11,12,13.737648,100.53296
2016-04-01,14:15:18,11,12,13.737648,100.53296
2016-04-01,14:15:19,11,12,13.737648,100.53296
2016-04-01,14:15:20,11,12,13.737648,100.53296
2016-04-01,14:15:21,11,12,13.737648,100.53296
2016-04-01,14:15:22,11,12,13.737648,100.53296
2016-04-01,14:15:23,11,12,13.737648,100.53296
2016-04-01,14:15:24,11,12,13.737648,100.53296
2016-04-01,14:15:25,11,12,13.737648,100.53296
2016-04-01,14:15:26,11,12,13.737628,100.53296
2016-04-01,14:15:27,11,12,13.737628,100.532958
2016-04-01,14:15:28,11,12,13.737618,100.53295
2016-04-01,14:15:29,11,12,13.737607,100.532935
2016-04-01,14:15:30,11,12,13.737592,100.532913
2016-04-01,14:15:31,11,12,13.737575,100.532892
2016-04-01,14:15:32,11,12,13.737557,100.532867
2016-04-01,14:15:33,11,12,13.737535,100.532838
2016-04-01,14:15:34,11,12,13.73751,100.532807
2016-04-01,14:15:35,11,12,13.737483,100.532775
2016-04-01,14:15:36,11,12,13.737458,100.532737
2016-04-01,14:15:37,11,12,13.737433,100.532693
2016-04-01,14:15:38,11,12,13.737418,100.53265
2016-04-01,14:15:39,11,12,13.737408,100.5326
2016-04-01,14:15:40,11,12,13.737403,100.53255
2016-04-01,14:15:41,11,12,13.737407,100.532503
2016-04-01,14:15:42,11,12,13.737415,100.532445
2016-04-01,14:15:43,11,12,13.73742,100.532393
2016-04-01,14:15:44,11,12,13.737428,100.532337
2016-04-01,14:15:45,11,12,13.737443,100.53229
2016-04-01,14:15:46,11,12,13.73745,100.532252
2016-04-01,14:15:47,11,12,13.737453,100.532207
2016-04-01,14:15:48,11,12,13.737452,100.532162
2016-04-01,14:15:49,11,12,13.737437,100.532125
2016-04-01,14:15:50,11,12,13.737412,100.5321
2016-04-01,14:15:51,11,12,13.737383,100.532087
2016-04-01,14:15:52,11,12,13.737353,100.532073
2016-04-01,14:15:53,11,12,13.737322,100.53207
2016-04-01,14:15:54,11,12,13.737288,100.532065
2016-04-01,14:15:55,11,12,13.737247,100.532062
2016-04-01,14:15:56,11,12,13.737203,100.532057
2016-04-01,14:15:57,11,12,13.737153,100.532055
2016-04-01,14:15:58,11,12,13.737108,100.532048
2016-04-01,14:15:59,11,12,13.737058,100.532045
2016-04-01,14:16:00,11,12,13.737018,100.532037
2016-04-01,14:16:01,11,12,13.73697,100.532032
2016-04-01,14:16:02,11,12,13.736923,100.532022
2016-04-01,14:16:03,11,12,13.73688,100.532012
2016-04-01,14:16:04,11,12,13.736832,100.532
2016-04-01,14:16:05,11,12,13.73679,100.53198
2016-04-01,14:16:06,11,12,13.736755,100.531962
2016-04-01,14:16:07,11,12,13.73671,100.53195
2016-04-01,14:16:08,11,12,13.736672,100.531928
2016-04-01,14:16:09,11,12,13.736628,100.531907
2016-04-01,14:16:10,11,12,13.736582,100.531895
2016-04-01,14:16:11,11,12,13.736545,100.531877
2016-04-01,14:16:12,11,12,13.736498,100.531863
2016-04-01,14:16:13,11,12,13.736457,100.53185
2016-04-01,14:16:14,11,12,13.736417,100.531845
2016-04-01,14:16:15,11,12,13.736383,100.531843
2016-04-01,14:16:16,11,12,13.736342,100.531843
2016-04-01,14:16:17,11,12,13.736307,100.53184
2016-04-01,14:16:18,11,12,13.736268,100.531828
2016-04-01,14:16:19,11,12,13.736242,100.53181
2016-04-01,14:16:20,11,12,13.736207,100.531792
2016-04-01,14:16:21,11,12,13.736185,100.531793
2016-04-01,14:16:22,11,12,13.736172,100.531808
2016-04-01,14:16:23,11,12,13.736153,100.531828
2016-04-01,14:16:24,11,12,13.736125,100.531842
2016-04-01,14:16:25,11,12,13.736103,100.531847
2016-04-01,14:16:26,11,12,13.736078,100.531857
2016-04-01,14:16:27,11,12,13.73606,100.531887
2016-04-01,14:16:28,11,12,13.73604,100.531902
2016-04-01,14:16:29,11,12,13.736015,100.53191
2016-04-01,14:16:30,11,12,13.735993,100.531917
2016-04-01,14:16:31,11,12,13.735967,100.531917
2016-04-01,14:16:32,11,12,13.735935,100.53192
2016-04-01,14:16:33,11,12,13.735908,100.531922
2016-04-01,14:16:34,11,12,13.735875,100.531923
2016-04-01,14:16:35,11,12,13.735848,100.531937
2016-04-01,14:16:36,11,12,13.735813,100.531943
2016-04-01,14:16:37,11,12,13.735787,100.531937